{
"type": "FeatureCollection",
"name": "yangon_township_risk",
"crs": { "type": "name", "properties": { "name": "urn:ogc:def:crs:OGC:1.3:CRS84" } },
"features": [
{ "type": "Feature", "properties": { "tship_code": "T01", "township": "Thongwa", "district": "South", "hazard": 0.88429224271989804, "exposure": 0.098279592364356697, "vulnerability": 0.74471523065616319, "risk_score": 57.429356207952488, "risk_class": 5, "pop_est": 157876, "elev_mean_m": 4.2834115028381348, "schools": 7, "health_facilities": 5, "pcode": "MMR013025" }, "geometry": { "type": "Polygon", "coordinates": [ [ [ 96.77886741, 16.779915017000068 ], [ 96.774041285000095, 16.776121132000043 ], [ 96.771051014000037, 16.775785249000052 ], [ 96.771822039000057, 16.779053993000058 ], [ 96.779065323000026, 16.787717693000047 ], [ 96.781988146000103, 16.794713875000088 ], [ 96.78339972400002, 16.794984388000088 ], [ 96.786401474000044, 16.789273267000059 ], [ 96.790022137000037, 16.789609747000011 ], [ 96.786214941000068, 16.794488453 ], [ 96.787161175000023, 16.798356097000088 ], [ 96.782403153000075, 16.800298283000114 ], [ 96.782117266000043, 16.80481531300002 ], [ 96.781209985000018, 16.80562744600007 ], [ 96.778241726, 16.802464729000043 ], [ 96.77422835400003, 16.806306380000024 ], [ 96.774319980000058, 16.809511495 ], [ 96.769807231000073, 16.812871500000014 ], [ 96.765752515000045, 16.811029086000072 ], [ 96.766855163000059, 16.817273338000071 ], [ 96.763699996000042, 16.819471607000057 ], [ 96.763528999000101, 16.821221689 ], [ 96.766110768000019, 16.819760963000018 ], [ 96.76545063200011, 16.822847355000036 ], [ 96.763719148000021, 16.826065058000083 ], [ 96.75869156800006, 16.824724369 ], [ 96.758188811000124, 16.829081605000095 ], [ 96.755507434000037, 16.828914018 ], [ 96.753831575000021, 16.826567815000026 ], [ 96.74880399500006, 16.824724369 ], [ 96.752401254000077, 16.82219487200005 ], [ 96.745619861000037, 16.820702307000012 ], [ 96.740089523000051, 16.823216097000081 ], [ 96.740592281000076, 16.825394714000041 ], [ 96.737575733000071, 16.827238159000068 ], [ 96.737910904000088, 16.831595394999987 ], [ 96.731542636000128, 16.831930569000097 ], [ 96.728526088000123, 16.83494711600002 ], [ 96.727933426000021, 16.839124191000042 ], [ 96.729866777000026, 16.842991243 ], [ 96.709421286000065, 16.841818142 ], [ 96.708583355000101, 16.870140173000014 ], [ 96.706404739000064, 16.870810517000056 ], [ 96.688137865000058, 16.870140173000014 ], [ 96.671006362000043, 16.871606815000039 ], [ 96.664967771000093, 16.864134094000093 ], [ 96.657250850000111, 16.864778559000037 ], [ 96.651268946000059, 16.862411867000059 ], [ 96.651268946000059, 16.858073983000054 ], [ 96.648084814000029, 16.850532613000023 ], [ 96.640543444000087, 16.847851237000032 ], [ 96.639035169000081, 16.843494001000025 ], [ 96.635587146000077, 16.844419051 ], [ 96.629174234000061, 16.836796942000042 ], [ 96.621271056000026, 16.838801594000085 ], [ 96.616075889000058, 16.836120218000094 ], [ 96.605182798000087, 16.835617460000062 ], [ 96.604680041000051, 16.83260091000005 ], [ 96.600322805000047, 16.832433326000039 ], [ 96.595797985000033, 16.842823657000071 ], [ 96.58222351700006, 16.851873302000019 ], [ 96.578033868000063, 16.853549161000036 ], [ 96.574514564000111, 16.852543643000061 ], [ 96.572503531000066, 16.859414669000049 ], [ 96.567140780000088, 16.85974984200007 ], [ 96.56345388900003, 16.865615350000084 ], [ 96.558091135000055, 16.869637416000071 ], [ 96.556750447000056, 16.86695603900008 ], [ 96.553063555000094, 16.866118111000027 ], [ 96.547365631000091, 16.866620868000059 ], [ 96.545354601000057, 16.86930224500005 ], [ 96.536975301000055, 16.867458796000022 ], [ 96.535634612000067, 16.864945009000042 ], [ 96.532953238000076, 16.864609836000021 ], [ 96.529098760000096, 16.86695603900008 ], [ 96.519713944000031, 16.862598802999983 ], [ 96.515691879000045, 16.864945009000042 ], [ 96.511330804000082, 16.858365497000015 ], [ 96.503185774000102, 16.851098215000015 ], [ 96.500608439000104, 16.844483942000043 ], [ 96.487977347000125, 16.842677020000018 ], [ 96.483666721000063, 16.833299791000055 ], [ 96.47748309500011, 16.833955398000032 ], [ 96.478407259000022, 16.830718831000112 ], [ 96.475659776000057, 16.827971348000069 ], [ 96.470220501000057, 16.817149428000032 ], [ 96.456429285000098, 16.823069458000116 ], [ 96.453664113000102, 16.822063943000053 ], [ 96.454141442000065, 16.81541553100001 ], [ 96.450125170000035, 16.80881548300006 ], [ 96.44489334400005, 16.805916769000117 ], [ 96.434740309000105, 16.803246846 ], [ 96.412039190000129, 16.794759244000023 ], [ 96.41095520100005, 16.791440780000077 ], [ 96.404752101000085, 16.784127724000019 ], [ 96.398656826000064, 16.784394595000073 ], [ 96.39472340100005, 16.779230362000085 ], [ 96.397194246000112, 16.772318984000044 ], [ 96.401353468000082, 16.766846326000028 ], [ 96.397934082000049, 16.753953078000027 ], [ 96.398726590000066, 16.74999053300008 ], [ 96.405950501000035, 16.748239280000043 ], [ 96.401997741000102, 16.741613495 ], [ 96.403374889000091, 16.735601595000048 ], [ 96.402741597, 16.729577560000063 ], [ 96.400766248000082, 16.726735552000015 ], [ 96.405077578000018, 16.720870575000038 ], [ 96.406172111000075, 16.713208853000015 ], [ 96.41405274100002, 16.709487442000025 ], [ 96.415585086000064, 16.703795876000104 ], [ 96.423246810000109, 16.701169001 ], [ 96.42653040400009, 16.689566960000079 ], [ 96.425012196000068, 16.686101354000037 ], [ 96.430908534000054, 16.684094300000062 ], [ 96.431346346000041, 16.681467425000072 ], [ 96.435505567000092, 16.681248517000057 ], [ 96.435943381000087, 16.68343758 ], [ 96.436819006000064, 16.682343050000025 ], [ 96.434907834000029, 16.67805979800001 ], [ 96.437694631000028, 16.677308203000084 ], [ 96.439664789000062, 16.676870389 ], [ 96.442291667000077, 16.673367887000044 ], [ 96.444699636000095, 16.673805700000099 ], [ 96.447107606000017, 16.668114134000103 ], [ 96.449515578000046, 16.669646478000043 ], [ 96.451923547000064, 16.668114134000088 ], [ 96.452799172000127, 16.661984754000091 ], [ 96.456520583000014, 16.663079287000059 ], [ 96.458052927000054, 16.662203660000085 ], [ 96.458052927000054, 16.659138971000086 ], [ 96.466809182000063, 16.66176584800013 ], [ 96.469654965000075, 16.6556364680001 ], [ 96.474470907000111, 16.652790685000095 ], [ 96.477316690000109, 16.656731002000068 ], [ 96.481694817000076, 16.658044438000029 ], [ 96.484321695000077, 16.655198654000024 ], [ 96.493148217000041, 16.645434349 ], [ 96.495556189000055, 16.6520015400001 ], [ 96.496212906000039, 16.65681748200004 ], [ 96.494638172000037, 16.661580606000047 ], [ 96.495931742000053, 16.663828214000031 ], [ 96.496545335000107, 16.664533088 ], [ 96.497499754000017, 16.665887696 ], [ 96.499857138000024, 16.670232822000063 ], [ 96.492326068000054, 16.672148056 ], [ 96.496209962000066, 16.673241902 ], [ 96.502042532000104, 16.672822111000073 ], [ 96.498948142000046, 16.677522841000073 ], [ 96.49963175800012, 16.678346436000012 ], [ 96.505559674000054, 16.677183092000035 ], [ 96.496431814000033, 16.68396187700003 ], [ 96.497526344000093, 16.685713127000067 ], [ 96.501685566000063, 16.68461859400001 ], [ 96.502342286000044, 16.682210625000103 ], [ 96.505625883000036, 16.681991719000088 ], [ 96.527516523, 16.694031571 ], [ 96.531894650000055, 16.690310160000021 ], [ 96.537586217000069, 16.688996724000084 ], [ 96.538461842000046, 16.686588752000041 ], [ 96.54179925400004, 16.685586198000045 ], [ 96.54437231600005, 16.689872349000034 ], [ 96.554004196000022, 16.688340005000079 ], [ 96.561228107, 16.689872349000041 ], [ 96.573486867000071, 16.682429530000075 ], [ 96.578343649000033, 16.6824511720001 ], [ 96.577864995000127, 16.685932033000103 ], [ 96.5844321860001, 16.686150941000047 ], [ 96.587656121000052, 16.683950026000058 ], [ 96.590342660000019, 16.688558910000086 ], [ 96.594501880000081, 16.689434535000057 ], [ 96.599755635000108, 16.69534501000005 ], [ 96.605009387000038, 16.697752979000068 ], [ 96.614860175, 16.691623598999978 ], [ 96.612671112000072, 16.688996724000063 ], [ 96.61269553700005, 16.686757337000046 ], [ 96.618362678, 16.683524063000043 ], [ 96.620770650000011, 16.673454370000083 ], [ 96.62383533900001, 16.671703117000035 ], [ 96.627118935999988, 16.672797650000103 ], [ 96.631059249000074, 16.669076239000024 ], [ 96.636094096000093, 16.670170773000081 ], [ 96.636313004, 16.673016556000086 ], [ 96.632810502000012, 16.674548900000058 ], [ 96.632950834000084, 16.67830073500005 ], [ 96.63521847100013, 16.682210625000081 ], [ 96.644412540000118, 16.688340005000079 ], [ 96.655138953000062, 16.688558910000054 ], [ 96.66017380000001, 16.687245471000047 ], [ 96.662581772000024, 16.684180783000023 ], [ 96.662092075000018, 16.68007419200006 ], [ 96.660771606000097, 16.679452816999984 ], [ 96.657315504000039, 16.679300417999976 ], [ 96.659954895000013, 16.66885733400003 ], [ 96.66017380000001, 16.663603581000128 ], [ 96.671994746000024, 16.65856873400007 ], [ 96.671338027000033, 16.656160762000049 ], [ 96.669271055000081, 16.654962279000095 ], [ 96.670552849000089, 16.652573667000095 ], [ 96.667508897000033, 16.649496088000017 ], [ 96.67659178200006, 16.645215444000012 ], [ 96.684691318, 16.647623413000034 ], [ 96.686661476000012, 16.641712941000023 ], [ 96.685073796000026, 16.638566223000083 ], [ 96.673308185000067, 16.639742783 ], [ 96.6680046540001, 16.624013827000027 ], [ 96.666433092, 16.621548720000078 ], [ 96.663895798000041, 16.620866066000083 ], [ 96.659242166000112, 16.621118162000112 ], [ 96.657125644000047, 16.619336916000037 ], [ 96.656335601000052, 16.607999431000064 ], [ 96.653665625000116, 16.606115386000052 ], [ 96.650694170000108, 16.606561128000074 ], [ 96.646558163000108, 16.604986472000082 ], [ 96.644395051000089, 16.598298879 ], [ 96.641350843000012, 16.579789436000091 ], [ 96.638341974000099, 16.573178849000069 ], [ 96.632871937000033, 16.567685642000068 ], [ 96.633493006, 16.562589935000037 ], [ 96.642638875, 16.553388494000053 ], [ 96.652664092000023, 16.562720213999981 ], [ 96.724487210000078, 16.653220092 ], [ 96.729235072000066, 16.665486906000048 ], [ 96.722393136000093, 16.672573199000084 ], [ 96.719705232000095, 16.680636911 ], [ 96.727280234000062, 16.71606837000008 ], [ 96.730945558000116, 16.72462079200001 ], [ 96.748132489000099, 16.74419972600003 ], [ 96.748029401000096, 16.750900396000045 ], [ 96.753905373000094, 16.750797311000042 ], [ 96.75627637900007, 16.752240531000083 ], [ 96.755967118000058, 16.755023887000075 ], [ 96.771327113000055, 16.773476498000072 ], [ 96.774578, 16.774126924000065 ], [ 96.77886741, 16.779915017000068 ] ] ] } },
{ "type": "Feature", "properties": { "tship_code": "T02", "township": "Kyauktan", "district": "South", "hazard": 0.7999840418413191, "exposure": 0.10995752616237719, "vulnerability": 0.65697514238020538, "risk_score": 52.272253648841108, "risk_class": 5, "pop_est": 167448, "elev_mean_m": 3.8751876354217529, "schools": 3, "health_facilities": 13, "pcode": "MMR013024" }, "geometry": { "type": "Polygon", "coordinates": [ [ [ 96.400766248000082, 16.726735552000015 ], [ 96.378587200000126, 16.728318798 ], [ 96.375303606000045, 16.725910829000078 ], [ 96.371144384000075, 16.728318798 ], [ 96.359980157000052, 16.730070051000045 ], [ 96.354069685000056, 16.727662079000027 ], [ 96.358669420000055, 16.722402922000089 ], [ 96.358669420000055, 16.717805886000047 ], [ 96.351442807000041, 16.714746602000051 ], [ 96.344656708000059, 16.712557538000027 ], [ 96.340843799000055, 16.701905810000039 ], [ 96.336790942, 16.70298105800001 ], [ 96.319278430000082, 16.694030220000066 ], [ 96.295928414000059, 16.678852710000069 ], [ 96.277478305, 16.670809099000053 ], [ 96.272382301000064, 16.675698747000055 ], [ 96.270568793000024, 16.676608560000016 ], [ 96.266156282000068, 16.678644037000069 ], [ 96.264813759, 16.675385683000098 ], [ 96.260602465, 16.675404581000052 ], [ 96.257440090000088, 16.67440529600006 ], [ 96.249852550000057, 16.675477729000065 ], [ 96.244336129000061, 16.673818210000068 ], [ 96.242817626, 16.672648147000068 ], [ 96.261783593000118, 16.65329638700014 ], [ 96.265411370000081, 16.641035950000056 ], [ 96.26437377400002, 16.630328096000042 ], [ 96.259365076000023, 16.614439882000042 ], [ 96.26016234700009, 16.607863344000087 ], [ 96.275547598000045, 16.580817005000011 ], [ 96.277521437000104, 16.581474950000011 ], [ 96.278881065000093, 16.585947906000108 ], [ 96.277919764000046, 16.59423343000007 ], [ 96.282653417000091, 16.601739694000035 ], [ 96.300292962000071, 16.60822573900008 ], [ 96.305129998000069, 16.613924895000075 ], [ 96.31393431900004, 16.618586458000031 ], [ 96.314453117000099, 16.620829498000099 ], [ 96.32136153600004, 16.626700318000108 ], [ 96.32257079500009, 16.629809295000037 ], [ 96.331195825000094, 16.633467592000052 ], [ 96.340011589000156, 16.63136569200001 ], [ 96.368366235000096, 16.633467592000063 ], [ 96.373168938000077, 16.631365692000024 ], [ 96.382148736000019, 16.622729219000071 ], [ 96.390781397000126, 16.622557557000086 ], [ 96.406497949000141, 16.613749419000015 ], [ 96.409431450000099, 16.613406097000038 ], [ 96.418758386000093, 16.620829498000077 ], [ 96.422901148000022, 16.619105256000097 ], [ 96.425006861000071, 16.614176666000024 ], [ 96.434818260000085, 16.613577759000048 ], [ 96.438270561000081, 16.615649140000102 ], [ 96.442241663000019, 16.620829498000067 ], [ 96.444835656000066, 16.620829498000077 ], [ 96.449325556000034, 16.617377199000092 ], [ 96.452949517000036, 16.618929779000027 ], [ 96.456058497000058, 16.618414795000035 ], [ 96.465038294000109, 16.613230621000096 ], [ 96.469783776000071, 16.613100923000026 ], [ 96.466766351000103, 16.611678041000047 ], [ 96.462448113000107, 16.612196839 ], [ 96.457958215000048, 16.615649140000102 ], [ 96.44949721600004, 16.616167938000043 ], [ 96.443969720000013, 16.619105256000054 ], [ 96.438961021000111, 16.613577759000041 ], [ 96.432746882000117, 16.61133090200012 ], [ 96.426528925000056, 16.61133090200012 ], [ 96.423248283000063, 16.613058961000029 ], [ 96.420486445000066, 16.618414795000032 ], [ 96.418930048000078, 16.618586458000021 ], [ 96.411331171000086, 16.612025177000103 ], [ 96.408050529000079, 16.611330902000109 ], [ 96.405288691000081, 16.611678041000065 ], [ 96.389572136000069, 16.620829498000074 ], [ 96.382667534000063, 16.620486176000011 ], [ 96.378177636, 16.622038759000038 ], [ 96.368679041, 16.630156434000071 ], [ 96.356933588000047, 16.630328096000046 ], [ 96.34519194900011, 16.627566255000101 ], [ 96.330688470000027, 16.629809295000033 ], [ 96.322801668000096, 16.625321778000067 ], [ 96.316090615000036, 16.614136692000024 ], [ 96.307010960000099, 16.613215570000015 ], [ 96.299774164000041, 16.605116760000037 ], [ 96.283061718000056, 16.598345986 ], [ 96.281482648000022, 16.593214006 ], [ 96.282463067000066, 16.575652040000072 ], [ 96.287404164000066, 16.559527162 ], [ 96.31261061900004, 16.543848907000076 ], [ 96.34028243300007, 16.531874574000085 ], [ 96.342761987000074, 16.528155243000086 ], [ 96.351020806000022, 16.525267518000085 ], [ 96.376480096000066, 16.500563537000026 ], [ 96.383583063000046, 16.496905243000132 ], [ 96.391902916000106, 16.484663880000067 ], [ 96.404682153000067, 16.480521119000045 ], [ 96.422641746000039, 16.481211579000068 ], [ 96.430240623000032, 16.476721679000075 ], [ 96.452690032000078, 16.480521119000031 ], [ 96.485500242000072, 16.483282960000039 ], [ 96.513477231000024, 16.492262757000066 ], [ 96.55319586100002, 16.507113373000113 ], [ 96.571155453000102, 16.515402710000021 ], [ 96.615707305000043, 16.537852205000036 ], [ 96.642638875, 16.553388494000053 ], [ 96.633493006, 16.562589935000037 ], [ 96.632871937000033, 16.567685642000068 ], [ 96.638341974000099, 16.573178849000069 ], [ 96.641350843000012, 16.579789436000091 ], [ 96.644395051000089, 16.598298879 ], [ 96.646558163000108, 16.604986472000082 ], [ 96.650694170000108, 16.606561128000074 ], [ 96.653665625000116, 16.606115386000052 ], [ 96.656335601000052, 16.607999431000064 ], [ 96.657125644000047, 16.619336916000037 ], [ 96.659242166000112, 16.621118162000112 ], [ 96.663895798000041, 16.620866066000083 ], [ 96.666433092, 16.621548720000078 ], [ 96.6680046540001, 16.624013827000027 ], [ 96.673308185000067, 16.639742783 ], [ 96.685073796000026, 16.638566223000083 ], [ 96.686661476000012, 16.641712941000023 ], [ 96.684691318, 16.647623413000034 ], [ 96.67659178200006, 16.645215444000012 ], [ 96.667508897000033, 16.649496088000017 ], [ 96.670552849000089, 16.652573667000095 ], [ 96.669271055000081, 16.654962279000095 ], [ 96.671338027000033, 16.656160762000049 ], [ 96.671994746000024, 16.65856873400007 ], [ 96.66017380000001, 16.663603581000128 ], [ 96.659954895000013, 16.66885733400003 ], [ 96.657315504000039, 16.679300417999976 ], [ 96.660771606000097, 16.679452816999984 ], [ 96.662092075000018, 16.68007419200006 ], [ 96.662581772000024, 16.684180783000023 ], [ 96.66017380000001, 16.687245471000047 ], [ 96.655138953000062, 16.688558910000054 ], [ 96.644412540000118, 16.688340005000079 ], [ 96.63521847100013, 16.682210625000081 ], [ 96.632950834000084, 16.67830073500005 ], [ 96.632810502000012, 16.674548900000058 ], [ 96.636313004, 16.673016556000086 ], [ 96.636094096000093, 16.670170773000081 ], [ 96.631059249000074, 16.669076239000024 ], [ 96.627118935999988, 16.672797650000103 ], [ 96.62383533900001, 16.671703117000035 ], [ 96.620770650000011, 16.673454370000083 ], [ 96.618362678, 16.683524063000043 ], [ 96.61269553700005, 16.686757337000046 ], [ 96.612671112000072, 16.688996724000063 ], [ 96.614860175, 16.691623598999978 ], [ 96.605009387000038, 16.697752979000068 ], [ 96.599755635000108, 16.69534501000005 ], [ 96.594501880000081, 16.689434535000057 ], [ 96.590342660000019, 16.688558910000086 ], [ 96.587656121000052, 16.683950026000058 ], [ 96.5844321860001, 16.686150941000047 ], [ 96.577864995000127, 16.685932033000103 ], [ 96.578343649000033, 16.6824511720001 ], [ 96.573486867000071, 16.682429530000075 ], [ 96.561228107, 16.689872349000041 ], [ 96.554004196000022, 16.688340005000079 ], [ 96.54437231600005, 16.689872349000034 ], [ 96.54179925400004, 16.685586198000045 ], [ 96.538461842000046, 16.686588752000041 ], [ 96.537586217000069, 16.688996724000084 ], [ 96.531894650000055, 16.690310160000021 ], [ 96.527516523, 16.694031571 ], [ 96.505625883000036, 16.681991719000088 ], [ 96.502342286000044, 16.682210625000103 ], [ 96.501685566000063, 16.68461859400001 ], [ 96.497526344000093, 16.685713127000067 ], [ 96.496431814000033, 16.68396187700003 ], [ 96.505559674000054, 16.677183092000035 ], [ 96.49963175800012, 16.678346436000012 ], [ 96.498948142000046, 16.677522841000073 ], [ 96.502042532000104, 16.672822111000073 ], [ 96.496209962000066, 16.673241902 ], [ 96.492326068000054, 16.672148056 ], [ 96.499857138000024, 16.670232822000063 ], [ 96.497499754000017, 16.665887696 ], [ 96.496545335000107, 16.664533088 ], [ 96.495931742000053, 16.663828214000031 ], [ 96.494638172000037, 16.661580606000047 ], [ 96.496212906000039, 16.65681748200004 ], [ 96.495556189000055, 16.6520015400001 ], [ 96.493148217000041, 16.645434349 ], [ 96.484321695000077, 16.655198654000024 ], [ 96.481694817000076, 16.658044438000029 ], [ 96.477316690000109, 16.656731002000068 ], [ 96.474470907000111, 16.652790685000095 ], [ 96.469654965000075, 16.6556364680001 ], [ 96.466809182000063, 16.66176584800013 ], [ 96.458052927000054, 16.659138971000086 ], [ 96.458052927000054, 16.662203660000085 ], [ 96.456520583000014, 16.663079287000059 ], [ 96.452799172000127, 16.661984754000091 ], [ 96.451923547000064, 16.668114134000088 ], [ 96.449515578000046, 16.669646478000043 ], [ 96.447107606000017, 16.668114134000103 ], [ 96.444699636000095, 16.673805700000099 ], [ 96.442291667000077, 16.673367887000044 ], [ 96.439664789000062, 16.676870389 ], [ 96.437694631000028, 16.677308203000084 ], [ 96.434907834000029, 16.67805979800001 ], [ 96.436819006000064, 16.682343050000025 ], [ 96.435943381000087, 16.68343758 ], [ 96.435505567000092, 16.681248517000057 ], [ 96.431346346000041, 16.681467425000072 ], [ 96.430908534000054, 16.684094300000062 ], [ 96.425012196000068, 16.686101354000037 ], [ 96.42653040400009, 16.689566960000079 ], [ 96.423246810000109, 16.701169001 ], [ 96.415585086000064, 16.703795876000104 ], [ 96.41405274100002, 16.709487442000025 ], [ 96.406172111000075, 16.713208853000015 ], [ 96.405077578000018, 16.720870575000038 ], [ 96.400766248000082, 16.726735552000015 ] ] ] } },
{ "type": "Feature", "properties": { "tship_code": "T03", "township": "Insein", "district": "North", "hazard": 0.4493957112284373, "exposure": 0.44591854124049191, "vulnerability": 0.53865401125941959, "risk_score": 47.0493276740402, "risk_class": 4, "pop_est": 305283, "elev_mean_m": 11.478455543518066, "schools": 57, "health_facilities": 102, "pcode": "MMR013001" }, "geometry": { "type": "Polygon", "coordinates": [ [ [ 96.108313829000082, 16.934809942000072 ], [ 96.103522062000081, 16.942202860000076 ], [ 96.094976654000021, 16.938756392000109 ], [ 96.077841062000019, 16.938680884000078 ], [ 96.078577295000102, 16.935567231000025 ], [ 96.075212099000012, 16.933881347000067 ], [ 96.076631117, 16.931824926 ], [ 96.071774429000058, 16.929433970000062 ], [ 96.073629648000093, 16.927468610000073 ], [ 96.084191638000021, 16.906923482000046 ], [ 96.085970004000089, 16.899560062 ], [ 96.085565186000068, 16.886971613000078 ], [ 96.087723823000061, 16.879357994000038 ], [ 96.09461342200008, 16.863864590000087 ], [ 96.101289069000075, 16.864941309000091 ], [ 96.107988049000127, 16.870300493000045 ], [ 96.112230735000068, 16.870747091000048 ], [ 96.118036517000021, 16.874989777000081 ], [ 96.122537146000084, 16.875711143000082 ], [ 96.124735495000081, 16.879902360000031 ], [ 96.13165777200004, 16.881465457000044 ], [ 96.136112297000111, 16.884339343000065 ], [ 96.128740529000069, 16.8960629420001 ], [ 96.125882737000055, 16.895154227000052 ], [ 96.12215633800011, 16.896058441 ], [ 96.12432626500005, 16.900307868000052 ], [ 96.123056591000079, 16.903371673000066 ], [ 96.120812890000053, 16.904152909000047 ], [ 96.115087360000075, 16.913214018000055 ], [ 96.106648253000017, 16.918309836000066 ], [ 96.106424955000108, 16.92992139899998 ], [ 96.108849212000052, 16.932218065000026 ], [ 96.108313829000082, 16.934809942000072 ] ] ] } },
{ "type": "Feature", "properties": { "tship_code": "T04", "township": "Hmawbi", "district": "North", "hazard": 0.46176696315067678, "exposure": 0.1590321422550445, "vulnerability": 0.68059746517205144, "risk_score": 41.051740134254921, "risk_class": 3, "pop_est": 244607, "elev_mean_m": 12.187408447265623, "schools": 12, "health_facilities": 10, "pcode": "MMR013003" }, "geometry": { "type": "Polygon", "coordinates": [ [ [ 96.098445532000071, 17.217930380000034 ], [ 96.087838200000121, 17.218138749000044 ], [ 96.080513884000098, 17.214915770000093 ], [ 96.074361361000058, 17.218138544000027 ], [ 96.064400284000016, 17.214329549000084 ], [ 96.056196985000014, 17.214622411000068 ], [ 96.058540523000033, 17.230443791000049 ], [ 96.0468213380001, 17.242163126 ], [ 96.021918293000098, 17.253882257000019 ], [ 96.004632464000096, 17.273219190000088 ], [ 95.99642907900008, 17.278785834000065 ], [ 95.987639842000107, 17.278492711000059 ], [ 95.983245265000022, 17.275855753000013 ], [ 95.985579948000108, 17.261200349000049 ], [ 95.975335225000038, 17.259155325000041 ], [ 95.972698512000107, 17.255639431000102 ], [ 95.970354886000081, 17.245384820000019 ], [ 95.947909950000067, 17.234381158000044 ], [ 95.928638656000018, 17.238547802 ], [ 95.922641426000027, 17.232617056 ], [ 95.909888299000073, 17.235943187000057 ], [ 95.904180536000055, 17.232526311000051 ], [ 95.905449815000097, 17.225629832 ], [ 95.909747545000059, 17.219039984000094 ], [ 95.909174514000085, 17.214455741000044 ], [ 95.905736330000082, 17.211304075000044 ], [ 95.904876784000109, 17.208152408000043 ], [ 95.907741936000036, 17.205287257000034 ], [ 95.910320575000043, 17.192967103000022 ], [ 95.924646332000094, 17.184085134 ], [ 95.932955274000037, 17.186090740000036 ], [ 95.935820425000045, 17.1837986190001 ], [ 95.935820425000045, 17.180073922000116 ], [ 95.939260147000084, 17.172543566000019 ], [ 95.946188113000076, 17.171582348000086 ], [ 95.94900012100004, 17.174057101000106 ], [ 95.953297849000094, 17.173770586000025 ], [ 95.956736030000087, 17.16861331300008 ], [ 95.956449515, 17.157152708000044 ], [ 95.966477548000086, 17.15228195 ], [ 95.967623608000054, 17.149416796 ], [ 95.964758457000045, 17.146265130000081 ], [ 95.959367984000068, 17.134893284000018 ], [ 95.957761789000045, 17.127522795000093 ], [ 95.95405441700008, 17.125269263000064 ], [ 95.940404667000095, 17.128787706000036 ], [ 95.931809210000068, 17.126495585000011 ], [ 95.931522695000069, 17.122770885000026 ], [ 95.933210497000104, 17.120198565000099 ], [ 95.94011815200011, 17.114748462 ], [ 95.939258607000042, 17.112169825000056 ], [ 95.933179984000063, 17.106076577000049 ], [ 95.935663388000108, 17.103642865000012 ], [ 95.940691182000094, 17.105006947000078 ], [ 95.947281031000088, 17.100422702000028 ], [ 95.949859667000098, 17.0978440650001 ], [ 95.949573152000113, 17.094405884000018 ], [ 95.946994515000085, 17.092113763000082 ], [ 95.939664423000039, 17.090200175000053 ], [ 95.933656901000091, 17.086698403000099 ], [ 95.938130580000049, 17.068126674000016 ], [ 95.945455088000088, 17.059630135000091 ], [ 95.953072532000107, 17.053477506000036 ], [ 95.953365583, 17.048789703000036 ], [ 95.948385088000038, 17.044101820000023 ], [ 95.948971104000037, 17.03999999900001 ], [ 95.971823279000077, 17.03121070700011 ], [ 95.98705791800009, 17.034140816000082 ], [ 95.997312115000057, 17.02916017600009 ], [ 96.003171710000018, 17.02300751900005 ], [ 96.007970752000077, 17.010705558000016 ], [ 96.013780563000097, 17.001166277000074 ], [ 96.032357638000093, 16.982629634000034 ], [ 96.037276608000042, 16.985820654000094 ], [ 96.039732902000054, 16.991849735000052 ], [ 96.038169806000042, 16.998102113000101 ], [ 96.039063003000052, 16.999665210000025 ], [ 96.046655180000116, 16.998325414000103 ], [ 96.04576198300002, 17.001005003000035 ], [ 96.049781368000055, 17.002344799000046 ], [ 96.052569247000065, 17.005306920000084 ], [ 96.055269258000081, 17.012700889 ], [ 96.058862875000059, 17.01330749 ], [ 96.058812482000064, 17.01663428600002 ], [ 96.066882374000031, 17.018599129000055 ], [ 96.075758519000019, 17.016924381000042 ], [ 96.083462344000083, 17.017426805000046 ], [ 96.085304564000097, 17.021613669 ], [ 96.094938368000058, 17.02634009100008 ], [ 96.091832343000107, 17.036211232000053 ], [ 96.09052803100009, 17.049256418000013 ], [ 96.093808484000093, 17.056371556000038 ], [ 96.098245167000101, 17.057763802000036 ], [ 96.103803799000033, 17.062851947000034 ], [ 96.101346073000073, 17.073910909000055 ], [ 96.104161929, 17.075765278000098 ], [ 96.104775564000064, 17.078924420000096 ], [ 96.111337282000036, 17.082109243000087 ], [ 96.115414730000083, 17.089639921000032 ], [ 96.117036916000089, 17.090069926000083 ], [ 96.118489760000045, 17.087976561000072 ], [ 96.121033730000121, 17.087392466000061 ], [ 96.123749957000072, 17.082967257000025 ], [ 96.125844067000045, 17.082067282 ], [ 96.136114385000013, 17.080075415000028 ], [ 96.143659627, 17.081433339000029 ], [ 96.147111998000113, 17.078157095000023 ], [ 96.148942942000076, 17.068696213000067 ], [ 96.153535213000083, 17.066659254000015 ], [ 96.15623645600003, 17.061956626000029 ], [ 96.161523557000052, 17.065561491000047 ], [ 96.166170397000045, 17.066150417000102 ], [ 96.169461327000107, 17.070314165000088 ], [ 96.168535095000038, 17.0743580060001 ], [ 96.171006393000056, 17.078279621000036 ], [ 96.16538819600008, 17.086594940000065 ], [ 96.164113583000045, 17.08938751700002 ], [ 96.164643479000091, 17.093981105000044 ], [ 96.161359918000102, 17.098657424000073 ], [ 96.162248359000074, 17.109751067000033 ], [ 96.153888307000074, 17.116518729000084 ], [ 96.14831493800007, 17.130452151000085 ], [ 96.130400537000114, 17.129257857000034 ], [ 96.108426922000021, 17.146200172000036 ], [ 96.104627377000057, 17.156694280000039 ], [ 96.095158608000077, 17.164568222000053 ], [ 96.093888859000089, 17.172803454000118 ], [ 96.096459581000062, 17.174424406000032 ], [ 96.102624512000077, 17.185804138000037 ], [ 96.100385366000083, 17.194550852000056 ], [ 96.101762623000084, 17.196412588000086 ], [ 96.10240099400005, 17.215578728000057 ], [ 96.098445532000071, 17.217930380000034 ] ] ] } },
{ "type": "Feature", "properties": { "tship_code": "T05", "township": "Kayan", "district": "South", "hazard": 0.89093714514352818, "exposure": 0.091569207311241907, "vulnerability": 0.77897103390965827, "risk_score": 58.316683909376053, "risk_class": 5, "pop_est": 158019, "elev_mean_m": 4.4569611549377441, "schools": 0, "health_facilities": 7, "pcode": "MMR013026" }, "geometry": { "type": "Polygon", "coordinates": [ [ [ 96.77886741, 16.779915017000068 ], [ 96.780166531000106, 16.781660949000109 ], [ 96.781696226000108, 16.77737323 ], [ 96.788371946000012, 16.777510559000074 ], [ 96.79890432600007, 16.770506774000026 ], [ 96.793338683000087, 16.757227815 ], [ 96.796527682000075, 16.755011474000113 ], [ 96.80774289200005, 16.755957519000052 ], [ 96.811672030000082, 16.760825074 ], [ 96.816158113000085, 16.782263672000063 ], [ 96.82941037300013, 16.799075044000066 ], [ 96.822963533000063, 16.801813997000025 ], [ 96.832149326, 16.817290221000047 ], [ 96.837464355000037, 16.821684370000089 ], [ 96.817987292000097, 16.835523669000029 ], [ 96.805971092000092, 16.839128528000046 ], [ 96.807767617000053, 16.844087553000108 ], [ 96.803041139000058, 16.848924595000025 ], [ 96.804040607000061, 16.851888608000042 ], [ 96.803110066000073, 16.854272939000058 ], [ 96.80156132000009, 16.85387232200004 ], [ 96.79824609700006, 16.844541616000107 ], [ 96.795869812, 16.842942983000086 ], [ 96.795221090000055, 16.844018784000102 ], [ 96.797967917000051, 16.85008042400009 ], [ 96.796350410000059, 16.852113574 ], [ 96.792218846000068, 16.850416092000064 ], [ 96.792226469000084, 16.852502505000032 ], [ 96.794488844000043, 16.85471163700003 ], [ 96.793340354000051, 16.856748368000062 ], [ 96.795679126000024, 16.861104684000082 ], [ 96.793962245000088, 16.862115675000066 ], [ 96.788865952000037, 16.861055197000073 ], [ 96.7901667470001, 16.866731495000064 ], [ 96.786645952000114, 16.873449149000063 ], [ 96.789228247000082, 16.875356532000051 ], [ 96.787416524, 16.876703064 ], [ 96.783551960000082, 16.876405712000086 ], [ 96.78635596, 16.879350513000112 ], [ 96.784944384000099, 16.882303054000069 ], [ 96.785818775000067, 16.888583944000079 ], [ 96.783584294, 16.892159110000037 ], [ 96.78081310900005, 16.892587447000039 ], [ 96.778387076000044, 16.896978062000056 ], [ 96.779092612000071, 16.908918304000075 ], [ 96.782036657000035, 16.915741728000032 ], [ 96.780375687000088, 16.917935662000016 ], [ 96.776945012000098, 16.920337137000029 ], [ 96.773733253000017, 16.913030716000076 ], [ 96.766004605000035, 16.921766369000068 ], [ 96.768025251000068, 16.926169288000036 ], [ 96.764594575000075, 16.926855423000053 ], [ 96.763222304000038, 16.931658370000079 ], [ 96.759105493000021, 16.931315302000026 ], [ 96.756360949000054, 16.939891996000011 ], [ 96.747784257000063, 16.933373708000076 ], [ 96.737835296000043, 16.928570761000049 ], [ 96.728572467000049, 16.930972236000063 ], [ 96.722054181000019, 16.93886279300003 ], [ 96.722054181000019, 16.944351875000073 ], [ 96.716336900000016, 16.949983422000091 ], [ 96.718966572000085, 16.952585499000094 ], [ 96.717594303000055, 16.964592869000072 ], [ 96.712105220000097, 16.967680476000012 ], [ 96.70627306900009, 16.976257171000086 ], [ 96.701417927000094, 16.972589456000019 ], [ 96.690835023000034, 16.971111155000095 ], [ 96.690835023000034, 16.975227968000105 ], [ 96.687061279000076, 16.976257171000086 ], [ 96.682944466000066, 16.981403184000076 ], [ 96.663732675000048, 16.990666010999988 ], [ 96.658929728000018, 16.996498162 ], [ 96.638345668000056, 16.995125893000051 ], [ 96.620849216000039, 16.99100908000004 ], [ 96.612958658000068, 16.98586306300005 ], [ 96.607469576000113, 16.986549201000066 ], [ 96.596834477000073, 16.980717050000059 ], [ 96.585856313000079, 16.98483386300007 ], [ 96.581053365000059, 16.98380466 ], [ 96.576936552000049, 16.986549201000066 ], [ 96.572133605000019, 16.987578404000047 ], [ 96.565615319000088, 16.986206132000103 ], [ 96.563257104000101, 16.982293474000109 ], [ 96.538206026000097, 16.987409280000087 ], [ 96.536085139000122, 16.986055278000055 ], [ 96.516899709000072, 16.99409668900007 ], [ 96.50934771600005, 16.990361876000048 ], [ 96.511537558000043, 16.983114088000061 ], [ 96.503202432000066, 16.987108186000043 ], [ 96.501359664000091, 16.986547536000018 ], [ 96.50191687600001, 16.984082979000025 ], [ 96.497687918000054, 16.983461591000037 ], [ 96.49314299600006, 16.980409671000118 ], [ 96.491002694000073, 16.984335025000096 ], [ 96.488359164000101, 16.984395674000051 ], [ 96.489099172000039, 16.97946338700007 ], [ 96.487794571, 16.975202653000053 ], [ 96.484220247000039, 16.972738230000072 ], [ 96.483654481000116, 16.968666578000068 ], [ 96.477446924000049, 16.964592869000072 ], [ 96.448972307000119, 16.972483424000039 ], [ 96.440395613000049, 16.972483424000039 ], [ 96.435592665000016, 16.977286371000066 ], [ 96.427359042, 16.978315575000046 ], [ 96.424271432000054, 16.98380466 ], [ 96.412950199000093, 16.978315575000046 ], [ 96.406431913000077, 16.980030915000043 ], [ 96.405745779000057, 16.996155096000031 ], [ 96.379747458000026, 16.999002202000057 ], [ 96.382821746000019, 16.996072655000049 ], [ 96.397229855000035, 16.992322877000031 ], [ 96.400754959000025, 16.989744224000013 ], [ 96.402433275000078, 16.983327748000065 ], [ 96.400899922000036, 16.978380374000078 ], [ 96.394949109000066, 16.973787344000101 ], [ 96.392824375000032, 16.963967967000059 ], [ 96.399030369000073, 16.962552471 ], [ 96.403390635000065, 16.963364762000065 ], [ 96.406537353, 16.9613245510001 ], [ 96.407152331000091, 16.954542421 ], [ 96.415174696000037, 16.931562435000046 ], [ 96.418927955000072, 16.928052788000091 ], [ 96.418667975000062, 16.923383328000096 ], [ 96.416334348000063, 16.920431062000073 ], [ 96.417749299000079, 16.911817013000107 ], [ 96.416432888000045, 16.909490100000045 ], [ 96.412557521000025, 16.908342594000047 ], [ 96.405157039000102, 16.909791010000074 ], [ 96.392629158000048, 16.909768814000103 ], [ 96.394639815000062, 16.906087235000044 ], [ 96.394193472000069, 16.894128126000062 ], [ 96.378789817000012, 16.890150154 ], [ 96.378331740000036, 16.883996457000027 ], [ 96.3765891, 16.880995923000096 ], [ 96.381061180000103, 16.881401984000032 ], [ 96.38188162800013, 16.874511934000068 ], [ 96.380163349000071, 16.873221063000109 ], [ 96.38344294000008, 16.872172119 ], [ 96.382199148000026, 16.870488393000048 ], [ 96.383865580000062, 16.869306612000056 ], [ 96.390642586000084, 16.872899312000044 ], [ 96.391489663000087, 16.871831653000079 ], [ 96.388736766000051, 16.85513935400007 ], [ 96.396400445000069, 16.860174963000073 ], [ 96.400102201000024, 16.857930371000073 ], [ 96.399475914000078, 16.853521414000049 ], [ 96.405633706000017, 16.851505688000067 ], [ 96.405993710000061, 16.843810326 ], [ 96.400670750000074, 16.837737755 ], [ 96.401418472000046, 16.831235160000023 ], [ 96.405592667000093, 16.830637652000057 ], [ 96.407761304000118, 16.826589096000099 ], [ 96.411890874000022, 16.829586097000092 ], [ 96.417025189000114, 16.828704726000087 ], [ 96.413999390000043, 16.824610806000106 ], [ 96.414940429000097, 16.817757845000102 ], [ 96.409537682000092, 16.807427996000101 ], [ 96.425380051000033, 16.806199572000068 ], [ 96.430894676000065, 16.807613578 ], [ 96.434288294000098, 16.805421867000025 ], [ 96.434740309000105, 16.803246846 ], [ 96.44489334400005, 16.805916769000117 ], [ 96.450125170000035, 16.80881548300006 ], [ 96.454141442000065, 16.81541553100001 ], [ 96.453664113000102, 16.822063943000053 ], [ 96.456429285000098, 16.823069458000116 ], [ 96.470220501000057, 16.817149428000032 ], [ 96.475659776000057, 16.827971348000069 ], [ 96.478407259000022, 16.830718831000112 ], [ 96.47748309500011, 16.833955398000032 ], [ 96.483666721000063, 16.833299791000055 ], [ 96.487977347000125, 16.842677020000018 ], [ 96.500608439000104, 16.844483942000043 ], [ 96.503185774000102, 16.851098215000015 ], [ 96.511330804000082, 16.858365497000015 ], [ 96.515691879000045, 16.864945009000042 ], [ 96.519713944000031, 16.862598802999983 ], [ 96.529098760000096, 16.86695603900008 ], [ 96.532953238000076, 16.864609836000021 ], [ 96.535634612000067, 16.864945009000042 ], [ 96.536975301000055, 16.867458796000022 ], [ 96.545354601000057, 16.86930224500005 ], [ 96.547365631000091, 16.866620868000059 ], [ 96.553063555000094, 16.866118111000027 ], [ 96.556750447000056, 16.86695603900008 ], [ 96.558091135000055, 16.869637416000071 ], [ 96.56345388900003, 16.865615350000084 ], [ 96.567140780000088, 16.85974984200007 ], [ 96.572503531000066, 16.859414669000049 ], [ 96.574514564000111, 16.852543643000061 ], [ 96.578033868000063, 16.853549161000036 ], [ 96.58222351700006, 16.851873302000019 ], [ 96.595797985000033, 16.842823657000071 ], [ 96.600322805000047, 16.832433326000039 ], [ 96.604680041000051, 16.83260091000005 ], [ 96.605182798000087, 16.835617460000062 ], [ 96.616075889000058, 16.836120218000094 ], [ 96.621271056000026, 16.838801594000085 ], [ 96.629174234000061, 16.836796942000042 ], [ 96.635587146000077, 16.844419051 ], [ 96.639035169000081, 16.843494001000025 ], [ 96.640543444000087, 16.847851237000032 ], [ 96.648084814000029, 16.850532613000023 ], [ 96.651268946000059, 16.858073983000054 ], [ 96.651268946000059, 16.862411867000059 ], [ 96.657250850000111, 16.864778559000037 ], [ 96.664967771000093, 16.864134094000093 ], [ 96.671006362000043, 16.871606815000039 ], [ 96.688137865000058, 16.870140173000014 ], [ 96.706404739000064, 16.870810517000056 ], [ 96.708583355000101, 16.870140173000014 ], [ 96.709421286000065, 16.841818142 ], [ 96.729866777000026, 16.842991243 ], [ 96.727933426000021, 16.839124191000042 ], [ 96.728526088000123, 16.83494711600002 ], [ 96.731542636000128, 16.831930569000097 ], [ 96.737910904000088, 16.831595394999987 ], [ 96.737575733000071, 16.827238159000068 ], [ 96.740592281000076, 16.825394714000041 ], [ 96.740089523000051, 16.823216097000081 ], [ 96.745619861000037, 16.820702307000012 ], [ 96.752401254000077, 16.82219487200005 ], [ 96.74880399500006, 16.824724369 ], [ 96.753831575000021, 16.826567815000026 ], [ 96.755507434000037, 16.828914018 ], [ 96.758188811000124, 16.829081605000095 ], [ 96.75869156800006, 16.824724369 ], [ 96.763719148000021, 16.826065058000083 ], [ 96.76545063200011, 16.822847355000036 ], [ 96.766110768000019, 16.819760963000018 ], [ 96.763528999000101, 16.821221689 ], [ 96.763699996000042, 16.819471607000057 ], [ 96.766855163000059, 16.817273338000071 ], [ 96.765752515000045, 16.811029086000072 ], [ 96.769807231000073, 16.812871500000014 ], [ 96.774319980000058, 16.809511495 ], [ 96.77422835400003, 16.806306380000024 ], [ 96.778241726, 16.802464729000043 ], [ 96.781209985000018, 16.80562744600007 ], [ 96.782117266000043, 16.80481531300002 ], [ 96.782403153000075, 16.800298283000114 ], [ 96.787161175000023, 16.798356097000088 ], [ 96.786214941000068, 16.794488453 ], [ 96.790022137000037, 16.789609747000011 ], [ 96.786401474000044, 16.789273267000059 ], [ 96.78339972400002, 16.794984388000088 ], [ 96.781988146000103, 16.794713875000088 ], [ 96.779065323000026, 16.787717693000047 ], [ 96.771822039000057, 16.779053993000058 ], [ 96.771051014000037, 16.775785249000052 ], [ 96.774041285000095, 16.776121132000043 ], [ 96.77886741, 16.779915017000068 ] ] ] } },
{ "type": "Feature", "properties": { "tship_code": "T06", "township": "Dagon Myothit (North)", "district": "East", "hazard": 0.58578186731376303, "exposure": 0.2730621577892951, "vulnerability": 0.67369139933239031, "risk_score": 49.830735198485606, "risk_class": 4, "pop_est": 203948, "elev_mean_m": 5.2978496551513672, "schools": 55, "health_facilities": 32, "pcode": "MMR013019" }, "geometry": { "type": "Polygon", "coordinates": [ [ [ 96.202512286000058, 16.851047369000071 ], [ 96.20997244400003, 16.849565896000062 ], [ 96.211465573000027, 16.856676310000051 ], [ 96.218446784000079, 16.865571446 ], [ 96.225192499000087, 16.871141093000052 ], [ 96.203065103000057, 16.882795317000031 ], [ 96.180557803000042, 16.922643653 ], [ 96.176194818000084, 16.917505035 ], [ 96.174988748000047, 16.903847920000036 ], [ 96.167253682000066, 16.899991193000051 ], [ 96.169386153000019, 16.893758995000073 ], [ 96.164060477000092, 16.892061396000035 ], [ 96.158662528000036, 16.884931035 ], [ 96.159280194000075, 16.88263523300002 ], [ 96.167180779000063, 16.883366693000056 ], [ 96.166638718000073, 16.879667069000014 ], [ 96.161973831000097, 16.875734239000039 ], [ 96.162382566000076, 16.872933317000015 ], [ 96.164472350000054, 16.871724765000028 ], [ 96.1736852290001, 16.872796747000084 ], [ 96.178489819000092, 16.864885083000058 ], [ 96.180581616000055, 16.863023898000073 ], [ 96.186441359000042, 16.862115314000036 ], [ 96.188558148000126, 16.854481765000017 ], [ 96.198827632000103, 16.855558570000028 ], [ 96.202512286000058, 16.851047369000071 ] ] ] } },
{ "type": "Feature", "properties": { "tship_code": "T07", "township": "Pazundaung", "district": "East", "hazard": 0.4877865198521531, "exposure": 0.2798067846817841, "vulnerability": 0.52302841006543066, "risk_score": 42.380408509584335, "risk_class": 3, "pop_est": 48455, "elev_mean_m": 10.579692840576172, "schools": 17, "health_facilities": 18, "pcode": "MMR013016" }, "geometry": { "type": "Polygon", "coordinates": [ [ [ 96.176594171, 16.783209206000048 ], [ 96.167468862000106, 16.781009623000042 ], [ 96.167375082000063, 16.778969848000024 ], [ 96.170132770000066, 16.778833380000012 ], [ 96.169912591000056, 16.77399185500008 ], [ 96.183419282000017, 16.773106906000045 ], [ 96.184370659000123, 16.775175668000063 ], [ 96.177742085000034, 16.778960057000102 ], [ 96.176594171, 16.783209206000048 ] ] ] } },
{ "type": "Feature", "properties": { "tship_code": "T08", "township": "Kungyangon", "district": "South", "hazard": 0.73485757936533258, "exposure": 0.073230072488467302, "vulnerability": 0.76780563442215066, "risk_score": 51.152496572263438, "risk_class": 5, "pop_est": 111632, "elev_mean_m": 4.1105241775512695, "schools": 5, "health_facilities": 6, "pcode": "MMR013029" }, "geometry": { "type": "MultiPolygon", "coordinates": [ [ [ [ 96.139355843000203, 16.311109892000012 ], [ 96.140885538000205, 16.311560027000034 ], [ 96.144131844000199, 16.320482604000127 ], [ 96.160531228000139, 16.328142516000081 ], [ 96.161252204000107, 16.330847136000219 ], [ 96.15809745200022, 16.331026427000044 ], [ 96.14885289, 16.327718371000078 ], [ 96.12926215500012, 16.317690247000112 ], [ 96.129620736000163, 16.312551848000108 ], [ 96.132233802000201, 16.310209623 ], [ 96.1365596710001, 16.309397093000097 ], [ 96.139355843000203, 16.311109892000012 ] ] ], [ [ [ 95.930452039000045, 16.470819074000097 ], [ 95.926256385000087, 16.470246405000054 ], [ 95.924495433000047, 16.467760351000059 ], [ 95.919228187000058, 16.465653453000083 ], [ 95.914192778000071, 16.465500864999981 ], [ 95.909684112999969, 16.458489599000227 ], [ 95.902907577000065, 16.459986265000047 ], [ 95.898840626, 16.457662291000052 ], [ 95.894483179000076, 16.458824278000094 ], [ 95.8927402, 16.457081298000031 ], [ 95.888741656000022, 16.451768482 ], [ 95.891013439000048, 16.444224746000046 ], [ 95.890618397999958, 16.437509005999981 ], [ 95.89437130900005, 16.436718919000025 ], [ 95.894766352, 16.433953614000202 ], [ 95.893971639000114, 16.429741986000067 ], [ 95.89234669300005, 16.42584336400008 ], [ 95.891835843000052, 16.42541278900007 ], [ 95.889951740000043, 16.426202504000042 ], [ 95.889238236000068, 16.421975450000058 ], [ 95.883469961000017, 16.422479962000057 ], [ 95.885023056000094, 16.418244876000031 ], [ 95.886563654000014, 16.416837115000082 ], [ 95.891224835000045, 16.415044676000011 ], [ 95.892518975000087, 16.413811841000058 ], [ 95.898477538000122, 16.411440562000116 ], [ 95.920286569000098, 16.408995602000143 ], [ 95.930457594000075, 16.409777989000151 ], [ 95.956960942999956, 16.415450292000074 ], [ 95.97867217300012, 16.414667906000155 ], [ 95.989821186000029, 16.410364780000126 ], [ 96.010421791999931, 16.398341027000107 ], [ 96.017707863000183, 16.387747701000094 ], [ 96.040000952999947, 16.374945576000119 ], [ 96.058246649000083, 16.367075854000021 ], [ 96.062572518000152, 16.363287860000103 ], [ 96.063114204000058, 16.357703143000013 ], [ 96.076900521000198, 16.350493366000016 ], [ 96.101326026000137, 16.329226430000247 ], [ 96.112407635000196, 16.322825368000196 ], [ 96.117996166000069, 16.321474964000181 ], [ 96.132053325000143, 16.323367054000027 ], [ 96.156024884000132, 16.333369191000088 ], [ 96.166568707000081, 16.339320119999989 ], [ 96.174591014000114, 16.341750082000168 ], [ 96.205871098000117, 16.357758632000099 ], [ 96.250319017000052, 16.366882152000191 ], [ 96.26786425100012, 16.374602054000146 ], [ 96.287982780000164, 16.387468555000062 ], [ 96.298275983000181, 16.401270805000049 ], [ 96.307399503000127, 16.405949534 ], [ 96.312801972000102, 16.419166941000036 ], [ 96.318460309000102, 16.422851439000095 ], [ 96.318723489000035, 16.427325474000124 ], [ 96.324250237000058, 16.435484007000088 ], [ 96.325434539000199, 16.444432073000041 ], [ 96.327803147000068, 16.450221999000192 ], [ 96.327671555000194, 16.456933052000078 ], [ 96.324250237000072, 16.460617550000123 ], [ 96.284114788000068, 16.486445362000147 ], [ 96.274412124, 16.499015263000242 ], [ 96.269591520000077, 16.496939576000024 ], [ 96.269810162000056, 16.488370143000019 ], [ 96.241084010000094, 16.484242124000058 ], [ 96.234908793000031, 16.485592953 ], [ 96.230856304000014, 16.489452463000042 ], [ 96.228347624000023, 16.504118609 ], [ 96.219856697000111, 16.510293826000066 ], [ 96.216292576000086, 16.500100756000013 ], [ 96.217941614000026, 16.498106009 ], [ 96.217137346000086, 16.490292204000067 ], [ 96.218851235000059, 16.484746232000113 ], [ 96.215854526000086, 16.483536154 ], [ 96.213025954000088, 16.478362237000098 ], [ 96.213768333000047, 16.473047403000084 ], [ 96.20727931600004, 16.47341340100008 ], [ 96.205252935000075, 16.467522241999987 ], [ 96.202156679000041, 16.466061499 ], [ 96.199819585999933, 16.46809831600018 ], [ 96.198304186000044, 16.47842784200002 ], [ 96.184581478, 16.478084774000159 ], [ 96.180464665000059, 16.47431102900001 ], [ 96.174975582000016, 16.472595692000013 ], [ 96.173603310000075, 16.466763541 ], [ 96.167493688000022, 16.463342726000029 ], [ 96.160566739000032, 16.466763541 ], [ 96.157136064000028, 16.46093139 ], [ 96.151871125000056, 16.458531847000057 ], [ 96.146844031000057, 16.465391269000062 ], [ 96.139639611000106, 16.465391269000062 ], [ 96.13517973200004, 16.472252623000049 ], [ 96.129690647000089, 16.471566488000033 ], [ 96.119398617000101, 16.474654098000062 ], [ 96.114595670000071, 16.470537285000052 ], [ 96.111164994, 16.470537285000052 ], [ 96.106534746000051, 16.473668713000066 ], [ 96.108304919000048, 16.478604981000021 ], [ 96.108420453000107, 16.48563226300006 ], [ 96.099843761000031, 16.48666146600004 ], [ 96.092982406999951, 16.49455202300005 ], [ 96.088179459000017, 16.495238158000024 ], [ 96.083719578000043, 16.49077827900005 ], [ 96.081661174, 16.491807482000031 ], [ 96.079644109000085, 16.485551423000032 ], [ 96.061763246000055, 16.490092144000034 ], [ 96.054558826000104, 16.497296564000074 ], [ 96.052843488000107, 16.502442581000064 ], [ 96.04906974400005, 16.505873256000058 ], [ 96.04495293100004, 16.505530188 ], [ 96.029514885000069, 16.516165286000039 ], [ 96.023682734000062, 16.516165286000039 ], [ 96.02084067600002, 16.518044872000036 ], [ 96.020595124000039, 16.521311302000029 ], [ 96.013390704000088, 16.525085047000076 ], [ 96.007215484000028, 16.524741978000019 ], [ 96.006186281000041, 16.527829588000053 ], [ 95.999324930000057, 16.525085047000076 ], [ 95.995208117000047, 16.527829588000053 ], [ 95.989375965999969, 16.526457319000098 ], [ 95.978740867000099, 16.53057412900003 ], [ 95.970940879000068, 16.529470588000027 ], [ 95.966409104, 16.536515748000035 ], [ 95.966370949000051, 16.541185406000046 ], [ 95.967161217000069, 16.542935671000091 ], [ 95.973931337000053, 16.545782297000077 ], [ 95.974923735000104, 16.547624686000105 ], [ 95.970769876000048, 16.547209068 ], [ 95.966385866000039, 16.548787741000059 ], [ 95.960558280000058, 16.547727513 ], [ 95.954383060000083, 16.543953769000041 ], [ 95.9475217090001, 16.531946401000063 ], [ 95.942606005000073, 16.515828314000046 ], [ 95.944043217000058, 16.494162695000036 ], [ 95.940393875, 16.493407658 ], [ 95.938616179, 16.489457223000212 ], [ 95.939490170000013, 16.487359652000077 ], [ 95.93654354200001, 16.482887721000083 ], [ 95.937572745000082, 16.478084774000056 ], [ 95.935171273000066, 16.473624895000082 ], [ 95.930452039000045, 16.470819074000097 ] ] ] ] } },
{ "type": "Feature", "properties": { "tship_code": "T09", "township": "Kyauktada", "district": "West", "hazard": 0.36723680307434547, "exposure": 0.2551758337625285, "vulnerability": 0.50869709801802188, "risk_score": 36.338053755112867, "risk_class": 2, "pop_est": 29853, "elev_mean_m": 14.511956214904783, "schools": 5, "health_facilities": 12, "pcode": "MMR013033" }, "geometry": { "type": "Polygon", "coordinates": [ [ [ 96.159009806000086, 16.77936697400002 ], [ 96.157991945000063, 16.770669527000081 ], [ 96.164208887000115, 16.769158663000038 ], [ 96.16466035600007, 16.779102476000073 ], [ 96.159009806000086, 16.77936697400002 ] ] ] } },
{ "type": "Feature", "properties": { "tship_code": "T10", "township": "Lanmadaw", "district": "West", "hazard": 0.32717994373346732, "exposure": 0.2877804105139698, "vulnerability": 0.34564309380621172, "risk_score": 31.800589462482929, "risk_class": 1, "pop_est": 47160, "elev_mean_m": 15.493855476379396, "schools": 34, "health_facilities": 32, "pcode": "MMR013035" }, "geometry": { "type": "Polygon", "coordinates": [ [ [ 96.147572808000049, 16.772214378000093 ], [ 96.147936610000031, 16.781490485000038 ], [ 96.143216570000035, 16.784314217 ], [ 96.134155867000061, 16.786607951000065 ], [ 96.13692806600001, 16.782581076000035 ], [ 96.136431308000027, 16.777686667000079 ], [ 96.139112073000064, 16.775136606000029 ], [ 96.147572808000049, 16.772214378000093 ] ] ] } },
{ "type": "Feature", "properties": { "tship_code": "T11", "township": "Hlegu", "district": "North", "hazard": 0.29219586297844502, "exposure": 0.1945862031047251, "vulnerability": 0.72232461030212536, "risk_score": 36.556466885356322, "risk_class": 2, "pop_est": 270741, "elev_mean_m": 36.369949340820312, "schools": 22, "health_facilities": 16, "pcode": "MMR013004" }, "geometry": { "type": "Polygon", "coordinates": [ [ [ 96.166170397000045, 17.066150417000102 ], [ 96.169838985000098, 17.065160690000013 ], [ 96.173840797000096, 17.05998780700002 ], [ 96.174985449000033, 17.047372170000074 ], [ 96.171784543000044, 17.044007472000033 ], [ 96.171380197000076, 17.03870960100009 ], [ 96.166760741000047, 17.03923152700002 ], [ 96.166383484000093, 17.035154640000027 ], [ 96.163759397000049, 17.034012808000053 ], [ 96.160669538, 17.035135491000041 ], [ 96.153318265000067, 17.027898334000046 ], [ 96.15576389200001, 17.023945969000053 ], [ 96.153505573000118, 17.02229793800003 ], [ 96.154417015000035, 17.019869052000058 ], [ 96.152905610000033, 17.019033526000026 ], [ 96.155751941000091, 17.01714859700003 ], [ 96.15614036500007, 17.015245398000033 ], [ 96.159665202000042, 17.014295588000049 ], [ 96.157937707000102, 17.00917176200003 ], [ 96.159460338000059, 17.009687460000066 ], [ 96.160504901000067, 17.008378128000089 ], [ 96.158453111000114, 17.006623622000049 ], [ 96.161779164000066, 17.005364577000059 ], [ 96.16134458100008, 17.003541851000058 ], [ 96.163655667000072, 17.003366285 ], [ 96.16422016000007, 17.004727560000021 ], [ 96.166219583000029, 17.004010776000044 ], [ 96.163988108000055, 17.00132578200002 ], [ 96.167828605000111, 16.995598801000011 ], [ 96.167588572000057, 16.992402438000042 ], [ 96.169885925000074, 16.991078746000031 ], [ 96.16926732500005, 16.989568781000063 ], [ 96.171327855000101, 16.988694555000027 ], [ 96.173894187000073, 16.992742440000018 ], [ 96.178297346000065, 16.992245849000053 ], [ 96.175838261000081, 16.990594187000085 ], [ 96.17712914300003, 16.986329233000074 ], [ 96.179986418000013, 16.987771478000035 ], [ 96.180932527000053, 16.985662384000054 ], [ 96.179483725000082, 16.981534829000044 ], [ 96.183744595000107, 16.980408815000047 ], [ 96.179769078000064, 16.978303796000048 ], [ 96.180199650000077, 16.97635466300007 ], [ 96.18453819900013, 16.975774063000081 ], [ 96.180650096000036, 16.973531342000058 ], [ 96.181135276000035, 16.968248152000086 ], [ 96.176844182000082, 16.96235780200006 ], [ 96.179723216000085, 16.962289862000034 ], [ 96.183118789000019, 16.958799512999988 ], [ 96.187772356000025, 16.957917939000055 ], [ 96.191560345000099, 16.954747883000042 ], [ 96.20252002800008, 16.951448487000075 ], [ 96.2057932700001, 16.952074204000066 ], [ 96.212289771000101, 16.94591858600003 ], [ 96.218534571000049, 16.941644136000033 ], [ 96.219850629000049, 16.943219851000023 ], [ 96.218831467000101, 16.947042318000015 ], [ 96.22286396800007, 16.948056923000031 ], [ 96.227224201000055, 16.953362951000027 ], [ 96.228856839000045, 16.959920329000088 ], [ 96.232514813000108, 16.959069860000064 ], [ 96.238290752000083, 16.952672738000029 ], [ 96.239381702000017, 16.960092205 ], [ 96.244061871000014, 16.9671383730001 ], [ 96.246568853000056, 16.968042288000017 ], [ 96.251206799000016, 16.965257456000082 ], [ 96.262216180000024, 16.968553321000023 ], [ 96.26128402100008, 16.971702272000066 ], [ 96.256296031000019, 16.975393052000086 ], [ 96.258462499000032, 16.980741678000054 ], [ 96.25387358100005, 16.987623054000011 ], [ 96.247380763000081, 16.987386584000074 ], [ 96.244756829000053, 16.988877896000098 ], [ 96.25117313300008, 16.997247397 ], [ 96.25642931000003, 16.999883574000062 ], [ 96.25988918400013, 16.999544005000033 ], [ 96.25974476800009, 17.001890091000082 ], [ 96.270013833000036, 17.008489244000046 ], [ 96.273092113000089, 17.008946938000079 ], [ 96.273877894000094, 17.006250471000083 ], [ 96.277818407000083, 17.006155006 ], [ 96.284437254000068, 17.011952788 ], [ 96.29161617000004, 17.015187999 ], [ 96.291425676000088, 17.017266847000045 ], [ 96.298646468000072, 17.018709122000097 ], [ 96.300065952000097, 17.01655772400008 ], [ 96.304631694000037, 17.019315265000067 ], [ 96.306272227000065, 17.022279381 ], [ 96.312299242000023, 17.022180319000068 ], [ 96.316705754000026, 17.023931591000107 ], [ 96.319467545000094, 17.021659825 ], [ 96.324513892000098, 16.999700397 ], [ 96.326997333000065, 16.998109346999989 ], [ 96.337880697000031, 16.997091194000035 ], [ 96.338304260000086, 16.995134377000042 ], [ 96.340398879000105, 16.994737257000047 ], [ 96.340021208000039, 16.9926811610001 ], [ 96.345300442000038, 16.990262714000014 ], [ 96.352053798000057, 16.977870839000019 ], [ 96.344566280000038, 16.971720375000054 ], [ 96.338683227000089, 16.963163212 ], [ 96.335474293000047, 16.958349806000083 ], [ 96.335474293000047, 16.953536401000079 ], [ 96.343118183000044, 16.949743182000109 ], [ 96.346624400000067, 16.951455662000047 ], [ 96.351934061000094, 16.950044423000076 ], [ 96.352468544, 16.952100244000089 ], [ 96.353208624000033, 16.950853425000044 ], [ 96.35498562800008, 16.952081710000066 ], [ 96.355585252000125, 16.950856761000054 ], [ 96.362186634000096, 16.952409108000065 ], [ 96.361425515000093, 16.957277408000081 ], [ 96.364698506000096, 16.963155601000079 ], [ 96.374342131000077, 16.969232344000073 ], [ 96.378888510000095, 16.973813634000056 ], [ 96.394949109000066, 16.973787344000101 ], [ 96.400899922000036, 16.978380374000078 ], [ 96.402433275000078, 16.983327748000065 ], [ 96.400754959000025, 16.989744224000013 ], [ 96.397229855000035, 16.992322877000031 ], [ 96.382821746000019, 16.996072655000049 ], [ 96.379747458000026, 16.999002202000057 ], [ 96.375375485000049, 17.005620662000108 ], [ 96.375966841000036, 17.010068696000079 ], [ 96.398507871000092, 17.043081165000039 ], [ 96.396250035000065, 17.046458315000045 ], [ 96.400315207000062, 17.048339546 ], [ 96.39725313400001, 17.050422133 ], [ 96.395171006000041, 17.056462651000025 ], [ 96.396972238000046, 17.064909492000012 ], [ 96.393498678000057, 17.068961978000029 ], [ 96.39943267700005, 17.072146076000049 ], [ 96.402066540000106, 17.066704326000014 ], [ 96.403519608000067, 17.076271335000047 ], [ 96.396463067000099, 17.088136561000077 ], [ 96.390574457000042, 17.11674110200001 ], [ 96.361330914000078, 17.154339940000018 ], [ 96.355412578000056, 17.158865727000027 ], [ 96.348101692000085, 17.16025827600005 ], [ 96.340790806000115, 17.16687288900005 ], [ 96.333479921000063, 17.168613575000013 ], [ 96.309568468000037, 17.194387508000041 ], [ 96.309388780000091, 17.201459961000086 ], [ 96.308282443000039, 17.201730617000099 ], [ 96.310154714000049, 17.204819867 ], [ 96.308762165000118, 17.20864937800004 ], [ 96.305280790000012, 17.210390064 ], [ 96.296941585000042, 17.211202705000094 ], [ 96.294836670000052, 17.224315562000058 ], [ 96.30179941600008, 17.225359972000053 ], [ 96.30562893000004, 17.2281450730001 ], [ 96.311153104000056, 17.227776792 ], [ 96.316114122000016, 17.234681745000046 ], [ 96.314313939000016, 17.235761575000041 ], [ 96.314275767000055, 17.237954978000069 ], [ 96.315702085000026, 17.23868743900001 ], [ 96.315015833000089, 17.242593573 ], [ 96.318858149000036, 17.248685178000066 ], [ 96.310505695000046, 17.251897663000037 ], [ 96.309144874000069, 17.25513619000003 ], [ 96.310154714000049, 17.270965975 ], [ 96.303191968000107, 17.284543333000023 ], [ 96.302288840000074, 17.291467310000041 ], [ 96.308065892000059, 17.304735302000051 ], [ 96.31210468400009, 17.310242751000015 ], [ 96.310319799000027, 17.315587699000034 ], [ 96.304784713000089, 17.318284855000087 ], [ 96.30058067800006, 17.324121123000079 ], [ 96.299665135000069, 17.328691315000032 ], [ 96.302412050000058, 17.334600261000087 ], [ 96.302304906000074, 17.341547019000036 ], [ 96.298955968000101, 17.344930582000039 ], [ 96.297765616000021, 17.36058968 ], [ 96.290372793000103, 17.37576833 ], [ 96.292043570000061, 17.377126541000031 ], [ 96.292608141000059, 17.38321468200008 ], [ 96.289209177000018, 17.387357427000016 ], [ 96.289659545000063, 17.391584050000052 ], [ 96.28391060200002, 17.399557085 ], [ 96.284818356000073, 17.408521653000019 ], [ 96.281625565000041, 17.416929082000031 ], [ 96.280900691000028, 17.428998750000101 ], [ 96.282060576000063, 17.435392455000031 ], [ 96.278126073000038, 17.447297571000075 ], [ 96.260371064000125, 17.469926505000032 ], [ 96.241919781000064, 17.469578368 ], [ 96.229038698000082, 17.482459451000064 ], [ 96.225209187000047, 17.476541114000032 ], [ 96.221727813000115, 17.482807590000093 ], [ 96.216157613000021, 17.480718765000102 ], [ 96.208498590000033, 17.482111314000036 ], [ 96.203680003000045, 17.486669444000057 ], [ 96.200353735000078, 17.497499495000056 ], [ 96.207170334000082, 17.498044670000045 ], [ 96.20406913300009, 17.505369042000062 ], [ 96.205713492000072, 17.512051130000049 ], [ 96.204669079000084, 17.520406428000101 ], [ 96.193876819000096, 17.527717314000068 ], [ 96.188654759000116, 17.533287514000072 ], [ 96.18134387300006, 17.553827622000039 ], [ 96.176469949000122, 17.561138508000095 ], [ 96.172640438000073, 17.571582628000048 ], [ 96.166722101000047, 17.576456552 ], [ 96.164285140000018, 17.586204400000071 ], [ 96.157322391, 17.586552536000099 ], [ 96.149484600000036, 17.600633628000061 ], [ 96.152048119000057, 17.603559317000105 ], [ 96.14896709200012, 17.613359117000037 ], [ 96.143745032000055, 17.618233041000074 ], [ 96.128102978000086, 17.641021393000077 ], [ 96.126096129000032, 17.638550838000032 ], [ 96.127220642000083, 17.634996641000033 ], [ 96.124375857000075, 17.631898139000079 ], [ 96.128018405, 17.624490159000072 ], [ 96.125284172000093, 17.621095360000027 ], [ 96.12480765, 17.614460954000076 ], [ 96.118152152000093, 17.61085097100008 ], [ 96.115676453000063, 17.612619326000111 ], [ 96.108887774000053, 17.610791604000053 ], [ 96.109174645000067, 17.603529115000093 ], [ 96.101576888000082, 17.603741821000018 ], [ 96.087586446000074, 17.594064486 ], [ 96.086125948000102, 17.585718311000086 ], [ 96.087952417000068, 17.580999436000088 ], [ 96.079687749000044, 17.573323317000099 ], [ 96.07551009900007, 17.571582628000048 ], [ 96.077077974000119, 17.565869837000058 ], [ 96.073421276000076, 17.563923606000053 ], [ 96.061236467000072, 17.567056841000039 ], [ 96.055314157000069, 17.567147911000024 ], [ 96.049095172000122, 17.564054158000019 ], [ 96.046830326000034, 17.55872901200004 ], [ 96.042504593000061, 17.557546711 ], [ 96.038807866000084, 17.55283524 ], [ 96.03559671000005, 17.552495046 ], [ 96.028131512000101, 17.547308703000052 ], [ 96.037563121000034, 17.519362016000017 ], [ 96.035379100000071, 17.512696671000082 ], [ 96.036393222000044, 17.509053840000032 ], [ 96.036870751000038, 17.507753058000052 ], [ 96.042088908000039, 17.507873482000068 ], [ 96.043866857000069, 17.499948759000027 ], [ 96.043317023000043, 17.497976549 ], [ 96.039995076000082, 17.496682595000056 ], [ 96.03608884000009, 17.484537200000027 ], [ 96.032345992000018, 17.482231552000037 ], [ 96.034778022000069, 17.475496704000037 ], [ 96.032342781000111, 17.472833806000065 ], [ 96.031930896000048, 17.466653074000082 ], [ 96.029717897000083, 17.463372577 ], [ 96.032250785000045, 17.46050861200008 ], [ 96.031090502000055, 17.455027726 ], [ 96.036562226000086, 17.45047432800002 ], [ 96.039695464000076, 17.452824253000031 ], [ 96.043089802000082, 17.443685648 ], [ 96.066346437, 17.43919199500008 ], [ 96.067925914000043, 17.437093195000063 ], [ 96.067372388000081, 17.407392323000103 ], [ 96.064653551, 17.402199997000011 ], [ 96.075466583000022, 17.38859290100001 ], [ 96.072156465000049, 17.385834471000038 ], [ 96.071019712000052, 17.38020137900007 ], [ 96.068436622000021, 17.376126994000018 ], [ 96.070229864000069, 17.371892729000059 ], [ 96.066728279000074, 17.370439331000064 ], [ 96.066842423000111, 17.368802328000065 ], [ 96.068952643000088, 17.366723653000026 ], [ 96.070309655000102, 17.361180933000075 ], [ 96.077555406000016, 17.360654874000069 ], [ 96.081733056000076, 17.357260536000062 ], [ 96.079106682000017, 17.351408102000065 ], [ 96.078646859000074, 17.342053838000048 ], [ 96.083299672000024, 17.335850085000025 ], [ 96.083038572000092, 17.331933537000065 ], [ 96.088260632000072, 17.327233683000042 ], [ 96.086016942000057, 17.324749598000032 ], [ 96.087170909000065, 17.323873539000022 ], [ 96.08579815300007, 17.322129295000032 ], [ 96.086312194000058, 17.319611307000059 ], [ 96.089043942000046, 17.318356179000038 ], [ 96.095310415000114, 17.306867645000089 ], [ 96.105493433000035, 17.296945728 ], [ 96.103937439000077, 17.29561202000005 ], [ 96.103585349000085, 17.291565980000033 ], [ 96.100805549000114, 17.289567091000023 ], [ 96.098988994000095, 17.285310597 ], [ 96.095607480000083, 17.283660219000051 ], [ 96.10105468200004, 17.279190721000081 ], [ 96.099749166000024, 17.276318587000027 ], [ 96.103665713000069, 17.27083542300003 ], [ 96.099488063000095, 17.266918876000069 ], [ 96.098965856000049, 17.262741228 ], [ 96.09844365, 17.256213652 ], [ 96.10173950100004, 17.253372400000021 ], [ 96.104449023000043, 17.2452473220001 ], [ 96.10270332200011, 17.237019820000054 ], [ 96.100271372000066, 17.233497685000042 ], [ 96.101315785000054, 17.227492315000092 ], [ 96.098445532000071, 17.217930380000034 ], [ 96.10240099400005, 17.215578728000057 ], [ 96.101762623000084, 17.196412588000086 ], [ 96.100385366000083, 17.194550852000056 ], [ 96.102624512000077, 17.185804138000037 ], [ 96.096459581000062, 17.174424406000032 ], [ 96.093888859000089, 17.172803454000118 ], [ 96.095158608000077, 17.164568222000053 ], [ 96.104627377000057, 17.156694280000039 ], [ 96.108426922000021, 17.146200172000036 ], [ 96.130400537000114, 17.129257857000034 ], [ 96.14831493800007, 17.130452151000085 ], [ 96.153888307000074, 17.116518729000084 ], [ 96.162248359000074, 17.109751067000033 ], [ 96.161359918000102, 17.098657424000073 ], [ 96.164643479000091, 17.093981105000044 ], [ 96.164113583000045, 17.08938751700002 ], [ 96.16538819600008, 17.086594940000065 ], [ 96.171006393000056, 17.078279621000036 ], [ 96.168535095000038, 17.0743580060001 ], [ 96.169461327000107, 17.070314165000088 ], [ 96.166170397000045, 17.066150417000102 ] ] ] } },
{ "type": "Feature", "properties": { "tship_code": "T12", "township": "Htantabin", "district": "North", "hazard": 0.50057247319802578, "exposure": 0.1061305585008844, "vulnerability": 0.74534863563825771, "risk_score": 42.371184366408428, "risk_class": 3, "pop_est": 145792, "elev_mean_m": 4.0658712387084961, "schools": 9, "health_facilities": 12, "pcode": "MMR013006" }, "geometry": { "type": "Polygon", "coordinates": [ [ [ 95.905449815000097, 17.225629832 ], [ 95.903371331000073, 17.234463866000041 ], [ 95.897001489000075, 17.235803734000058 ], [ 95.890488942000076, 17.241109567000045 ], [ 95.873712459000032, 17.244519759000024 ], [ 95.841042041000037, 17.23384277200012 ], [ 95.840651573000059, 17.223685853000109 ], [ 95.833620286000055, 17.217435340000108 ], [ 95.822682562000111, 17.217435173000094 ], [ 95.812916806000061, 17.213528522000065 ], [ 95.805494767000056, 17.214309711000041 ], [ 95.80237001100005, 17.195558441000024 ], [ 95.79729182700008, 17.192823814000043 ], [ 95.794948140000059, 17.186182719 ], [ 95.779374913000083, 17.163103087000067 ], [ 95.788265111000072, 17.158585283 ], [ 95.788551626000071, 17.154574072000027 ], [ 95.783948994000099, 17.150827079000063 ], [ 95.779298127000047, 17.152997228000032 ], [ 95.776758911000087, 17.150140611000019 ], [ 95.787119051000019, 17.142826948000089 ], [ 95.792276323000053, 17.140821342000056 ], [ 95.790843748, 17.132798918000031 ], [ 95.796574050000018, 17.131939373000037 ], [ 95.797720111000075, 17.122197855000035 ], [ 95.808321174000056, 17.11446194600008 ], [ 95.809753750000084, 17.110737250000113 ], [ 95.805486728000091, 17.108808636000038 ], [ 95.803754865000059, 17.105916635000046 ], [ 95.798282916000105, 17.104192112000106 ], [ 95.803163899000111, 17.096124975000059 ], [ 95.803163899000111, 17.084664369000023 ], [ 95.805448578000053, 17.077748986000103 ], [ 95.811075125000102, 17.080724489 ], [ 95.816041912000088, 17.086252188000039 ], [ 95.818048241, 17.088575301000052 ], [ 95.822375528000109, 17.093930704000083 ], [ 95.825956218000087, 17.10602173600002 ], [ 95.831986855000082, 17.107926147000029 ], [ 95.839287102000043, 17.099673695000082 ], [ 95.834783210000083, 17.094110467000089 ], [ 95.831302458000025, 17.09357362700008 ], [ 95.827374610000021, 17.095537550000039 ], [ 95.8250536070001, 17.094109241000076 ], [ 95.827517688000043, 17.0757824 ], [ 95.835826630000085, 17.062602700000106 ], [ 95.83095715400006, 17.059766803000031 ], [ 95.829451648000017, 17.056353119000022 ], [ 95.832101930000093, 17.051715125000054 ], [ 95.832101930000093, 17.048563456000053 ], [ 95.820927840000053, 17.04035221400002 ], [ 95.820641325000054, 17.02392315100014 ], [ 95.825798597000102, 17.019625424000061 ], [ 95.837832236000025, 17.020484969000037 ], [ 95.842416478000075, 17.017619818000028 ], [ 95.849865872000052, 17.005872697 ], [ 95.85817481400008, 17.005872697 ], [ 95.865910723000042, 17.002721031 ], [ 95.867343298, 16.990400877000077 ], [ 95.867343298, 16.98008633200001 ], [ 95.860753450000104, 16.969771784000027 ], [ 95.869921934000018, 16.954299966000107 ], [ 95.877944358000065, 16.958597694000076 ], [ 95.882815119000014, 16.958597694000076 ], [ 95.88682633100008, 16.954299966000111 ], [ 95.886539815000091, 16.949142691000073 ], [ 95.879949964, 16.946277540000064 ], [ 95.870494965, 16.948283146000026 ], [ 95.861899511000061, 16.955159512 ], [ 95.858747844000064, 16.95601905700007 ], [ 95.852731023000061, 16.952294360000074 ], [ 95.854736629000087, 16.945131479000096 ], [ 95.852157993000077, 16.941693297000029 ], [ 95.853017538000046, 16.937682086000034 ], [ 95.850534287000102, 16.936544298000058 ], [ 95.849206628000019, 16.932786884000031 ], [ 95.846372610000032, 16.93269151300003 ], [ 95.838856299000028, 16.928052385000058 ], [ 95.838062470000068, 16.922311365000041 ], [ 95.840120877000032, 16.918194552000031 ], [ 95.846296093, 16.913048536000041 ], [ 95.843042220000072, 16.911249184000038 ], [ 95.842458612000101, 16.90809037000005 ], [ 95.835916171000036, 16.906720806000063 ], [ 95.843465786000124, 16.901470003000018 ], [ 95.848672921000016, 16.889467192000062 ], [ 95.852214013, 16.895552086000112 ], [ 95.86337854600005, 16.892377777000011 ], [ 95.864377411000092, 16.896062619000073 ], [ 95.866491378000035, 16.895577988000031 ], [ 95.865079049000059, 16.900440800000037 ], [ 95.869967763, 16.89992619900012 ], [ 95.875113779000074, 16.897095890000024 ], [ 95.881803599000079, 16.89658129 ], [ 95.890551825000045, 16.90249920600009 ], [ 95.891581028000118, 16.906616019000097 ], [ 95.88797881800005, 16.90790252300005 ], [ 95.884633909000044, 16.90378571000004 ], [ 95.88257550200008, 16.903528409000067 ], [ 95.880002492000074, 16.91510694300009 ], [ 95.889008022000027, 16.914592342000081 ], [ 95.89183832900008, 16.913048536000041 ], [ 95.898270848000024, 16.918709153000066 ], [ 95.902644961000107, 16.91896645600006 ], [ 95.90496066800003, 16.913305839000014 ], [ 95.913708894000095, 16.910732829000018 ], [ 95.921170615, 16.909703626000038 ], [ 95.920398714, 16.90481491300002 ], [ 95.913949553500061, 16.899568664000086 ], [ 95.917825705000013, 16.896066686000054 ], [ 95.923486324000038, 16.896323987000116 ], [ 95.926831234000034, 16.892464476000079 ], [ 95.935836760000072, 16.892464476000089 ], [ 95.940982774000062, 16.889634167000025 ], [ 95.946128790000046, 16.889119567000019 ], [ 95.951532107, 16.890406070000029 ], [ 95.963367940000097, 16.881143243000029 ], [ 95.974174573000113, 16.879342137000041 ], [ 95.979835189000042, 16.871108514000106 ], [ 95.996105780459175, 16.868807968871433 ], [ 95.994245520271576, 16.87634156411481 ], [ 95.999018112746839, 16.89040930376752 ], [ 95.998951671443905, 16.894113079823956 ], [ 96.003727905259751, 16.902783507730113 ], [ 96.006929515769841, 16.902758719554846 ], [ 96.012512388000076, 16.906101416000066 ], [ 96.013400131918587, 16.907207162849126 ], [ 96.013230985342972, 16.910523586815501 ], [ 96.009240623608576, 16.91159029230311 ], [ 96.000676552000073, 16.911247432000057 ], [ 95.995787838000069, 16.912791236000093 ], [ 95.996559739000062, 16.919223756000108 ], [ 96.000161949000031, 16.925141672000031 ], [ 96.004793365000083, 16.928486582000122 ], [ 96.010968582000046, 16.928743882000095 ], [ 96.0215179140001, 16.92128216200005 ], [ 96.027642933, 16.914232168000105 ], [ 96.034125651000096, 16.914849643000036 ], [ 96.041684535000073, 16.90859042500006 ], [ 96.046700878000124, 16.915978862000031 ], [ 96.045922514000068, 16.919236849000036 ], [ 96.041330071000061, 16.924884372000065 ], [ 96.064630763000096, 16.936771458000138 ], [ 96.060967938000061, 16.941258519000012 ], [ 96.057775411000037, 16.947564413000045 ], [ 96.049847757000038, 16.966638257000021 ], [ 96.032357638000093, 16.982629634000034 ], [ 96.013780563000097, 17.001166277000074 ], [ 96.007970752000077, 17.010705558000016 ], [ 96.003171710000018, 17.02300751900005 ], [ 95.997312115000057, 17.02916017600009 ], [ 95.98705791800009, 17.034140816000082 ], [ 95.971823279000077, 17.03121070700011 ], [ 95.948971104000037, 17.03999999900001 ], [ 95.948385088000038, 17.044101820000023 ], [ 95.953365583, 17.048789703000036 ], [ 95.953072532000107, 17.053477506000036 ], [ 95.945455088000088, 17.059630135000091 ], [ 95.938130580000049, 17.068126674000016 ], [ 95.933656901000091, 17.086698403000099 ], [ 95.939664423000039, 17.090200175000053 ], [ 95.946994515000085, 17.092113763000082 ], [ 95.949573152000113, 17.094405884000018 ], [ 95.949859667000098, 17.0978440650001 ], [ 95.947281031000088, 17.100422702000028 ], [ 95.940691182000094, 17.105006947000078 ], [ 95.935663388000108, 17.103642865000012 ], [ 95.933179984000063, 17.106076577000049 ], [ 95.939258607000042, 17.112169825000056 ], [ 95.94011815200011, 17.114748462 ], [ 95.933210497000104, 17.120198565000099 ], [ 95.931522695000069, 17.122770885000026 ], [ 95.931809210000068, 17.126495585000011 ], [ 95.940404667000095, 17.128787706000036 ], [ 95.95405441700008, 17.125269263000064 ], [ 95.957761789000045, 17.127522795000093 ], [ 95.959367984000068, 17.134893284000018 ], [ 95.964758457000045, 17.146265130000081 ], [ 95.967623608000054, 17.149416796 ], [ 95.966477548000086, 17.15228195 ], [ 95.956449515, 17.157152708000044 ], [ 95.956736030000087, 17.16861331300008 ], [ 95.953297849000094, 17.173770586000025 ], [ 95.94900012100004, 17.174057101000106 ], [ 95.946188113000076, 17.171582348000086 ], [ 95.939260147000084, 17.172543566000019 ], [ 95.935820425000045, 17.180073922000116 ], [ 95.935820425000045, 17.1837986190001 ], [ 95.932955274000037, 17.186090740000036 ], [ 95.924646332000094, 17.184085134 ], [ 95.910320575000043, 17.192967103000022 ], [ 95.907741936000036, 17.205287257000034 ], [ 95.904876784000109, 17.208152408000043 ], [ 95.905736330000082, 17.211304075000044 ], [ 95.909174514000085, 17.214455741000044 ], [ 95.909747545000059, 17.219039984000094 ], [ 95.905449815000097, 17.225629832 ] ] ] } },
{ "type": "Feature", "properties": { "tship_code": "T13", "township": "Botahtaung", "district": "East", "hazard": 0.50571288208061749, "exposure": 0.15855624797095511, "vulnerability": 0.48618811200899259, "risk_score": 37.932686762432951, "risk_class": 2, "pop_est": 40995, "elev_mean_m": 8.8404502868652344, "schools": 19, "health_facilities": 21, "pcode": "MMR013017" }, "geometry": { "type": "Polygon", "coordinates": [ [ [ 96.167468862000106, 16.781009623000042 ], [ 96.16466035600007, 16.779102476000073 ], [ 96.164208887000115, 16.769158663000038 ], [ 96.175580513000071, 16.769265969000035 ], [ 96.17589287400007, 16.766464579000061 ], [ 96.196563800000021, 16.766131230000013 ], [ 96.193470083000108, 16.770441839000071 ], [ 96.184370659000123, 16.775175668000063 ], [ 96.183419282000017, 16.773106906000045 ], [ 96.169912591000056, 16.77399185500008 ], [ 96.170132770000066, 16.778833380000012 ], [ 96.167375082000063, 16.778969848000024 ], [ 96.167468862000106, 16.781009623000042 ] ] ] } },
{ "type": "Feature", "properties": { "tship_code": "T14", "township": "Mayangone", "district": "West", "hazard": 0.37406014306491953, "exposure": 0.24365376382169041, "vulnerability": 0.49404499084052861, "risk_score": 35.841412227369162, "risk_class": 2, "pop_est": 198113, "elev_mean_m": 15.253544807434082, "schools": 33, "health_facilities": 39, "pcode": "MMR013042" }, "geometry": { "type": "Polygon", "coordinates": [ [ [ 96.09461342200008, 16.863864590000087 ], [ 96.099121981000081, 16.854459836000068 ], [ 96.10527558400004, 16.857487929000058 ], [ 96.106305877000025, 16.855660471000022 ], [ 96.112988860000087, 16.859548704000037 ], [ 96.119985648000096, 16.85921691900003 ], [ 96.121782562000092, 16.859834566000064 ], [ 96.121609304000046, 16.862931615999987 ], [ 96.126745190000094, 16.863154914000077 ], [ 96.134783963000061, 16.860028724000053 ], [ 96.136335612000025, 16.853807242000073 ], [ 96.140794067000058, 16.853375697000072 ], [ 96.141302966000055, 16.850008942000038 ], [ 96.138348237000102, 16.847580837000041 ], [ 96.138623060000015, 16.844075738000107 ], [ 96.136699580000112, 16.843870546000094 ], [ 96.138585638000023, 16.842509892000045 ], [ 96.135686863000075, 16.84127560300006 ], [ 96.135101367000033, 16.834818358000025 ], [ 96.139636759000041, 16.834548689 ], [ 96.140552199000112, 16.83204235000002 ], [ 96.141577894000065, 16.833019492000044 ], [ 96.140672487000117, 16.830935348 ], [ 96.143849285000073, 16.829676303 ], [ 96.143641010000067, 16.826467190000049 ], [ 96.145150199000057, 16.827048447 ], [ 96.146350573000078, 16.824910226000011 ], [ 96.146846681000099, 16.8277312650001 ], [ 96.152498248000086, 16.825800518000044 ], [ 96.153398351000035, 16.829313157000069 ], [ 96.154624578000067, 16.829228870000023 ], [ 96.157670644000035, 16.850141492 ], [ 96.164419733000059, 16.851838101000038 ], [ 96.163976754, 16.852808107 ], [ 96.178489819000092, 16.864885083000058 ], [ 96.1736852290001, 16.872796747000084 ], [ 96.164472350000054, 16.871724765000028 ], [ 96.162382566000076, 16.872933317000015 ], [ 96.156030180000101, 16.86961498400008 ], [ 96.154203297000024, 16.873345986000054 ], [ 96.15212019600007, 16.889097104 ], [ 96.145892654000122, 16.908027687000104 ], [ 96.143046037000047, 16.903795384000041 ], [ 96.128740529000069, 16.8960629420001 ], [ 96.136112297000111, 16.884339343000065 ], [ 96.13165777200004, 16.881465457000044 ], [ 96.124735495000081, 16.879902360000031 ], [ 96.122537146000084, 16.875711143000082 ], [ 96.118036517000021, 16.874989777000081 ], [ 96.112230735000068, 16.870747091000048 ], [ 96.107988049000127, 16.870300493000045 ], [ 96.101289069000075, 16.864941309000091 ], [ 96.09461342200008, 16.863864590000087 ] ] ] } },
{ "type": "Feature", "properties": { "tship_code": "T15", "township": "Kyeemyindaing", "district": "West", "hazard": 0.42230931495976742, "exposure": 0.24579030032391599, "vulnerability": 0.57192698342746739, "risk_score": 39.793207695414445, "risk_class": 3, "pop_est": 111514, "elev_mean_m": 7.779721736907959, "schools": 16, "health_facilities": 29, "pcode": "MMR013038" }, "geometry": { "type": "MultiPolygon", "coordinates": [ [ [ [ 96.127378771000025, 16.797932261000014 ], [ 96.126016065000073, 16.801195067000062 ], [ 96.126047332000084, 16.817306228000039 ], [ 96.117975555000044, 16.822079625000235 ], [ 96.121795714000044, 16.807402448000072 ], [ 96.12047169700007, 16.795272085 ], [ 96.128815937000098, 16.795142592000033 ], [ 96.127378771000025, 16.797932261000014 ] ] ], [ [ [ 96.106552157000067, 16.783069528000038 ], [ 96.113825893000069, 16.782284180000161 ], [ 96.113979399000186, 16.793001967000087 ], [ 96.116268218000144, 16.802866775000052 ], [ 96.114955961000135, 16.813891249000068 ], [ 96.112979948000202, 16.819830733 ], [ 96.108068936000109, 16.822089480000123 ], [ 96.109952589000045, 16.801835556000032 ], [ 96.106552157000067, 16.783069528000038 ] ] ] ] } },
{ "type": "Feature", "properties": { "tship_code": "T16", "township": "Latha", "district": "West", "hazard": 0.35308337638698872, "exposure": 0.24650404909729071, "vulnerability": 0.39318893994083481, "risk_score": 32.580700272405593, "risk_class": 1, "pop_est": 25057, "elev_mean_m": 14.432904243469238, "schools": 10, "health_facilities": 17, "pcode": "MMR013036" }, "geometry": { "type": "Polygon", "coordinates": [ [ [ 96.147572808000049, 16.772214378000093 ], [ 96.153192614000062, 16.771748325 ], [ 96.153341153000014, 16.781358137000012 ], [ 96.147936610000031, 16.781490485000038 ], [ 96.147572808000049, 16.772214378000093 ] ] ] } },
{ "type": "Feature", "properties": { "tship_code": "T17", "township": "Mingalartaungnyunt", "district": "East", "hazard": 0.49513181459353689, "exposure": 0.23108876629406699, "vulnerability": 0.53355383689516322, "risk_score": 41.232225326412909, "risk_class": 3, "pop_est": 132494, "elev_mean_m": 11.186634063720703, "schools": 11, "health_facilities": 14, "pcode": "MMR013022" }, "geometry": { "type": "Polygon", "coordinates": [ [ [ 96.176594171, 16.783209206000048 ], [ 96.179687579000074, 16.786562748000055 ], [ 96.187427600000021, 16.790655920000063 ], [ 96.190364917000039, 16.802199194000011 ], [ 96.186035237000098, 16.804194281000061 ], [ 96.186508279000066, 16.805047396000038 ], [ 96.185414810000097, 16.807759280000067 ], [ 96.182969703000111, 16.808079995000046 ], [ 96.180153947000107, 16.794438880000072 ], [ 96.175675514000019, 16.794415964000041 ], [ 96.174031800000094, 16.792631449000094 ], [ 96.172315133000069, 16.794869552 ], [ 96.170354883000059, 16.792856729000082 ], [ 96.162508027000072, 16.793394045000042 ], [ 96.163030445000032, 16.79475568 ], [ 96.161493002000014, 16.795814087000082 ], [ 96.156581696000089, 16.795538553000021 ], [ 96.15756405000009, 16.787592048000043 ], [ 96.156514820000055, 16.785921146000081 ], [ 96.159113094000105, 16.781060861000107 ], [ 96.159009806000086, 16.77936697400002 ], [ 96.16466035600007, 16.779102476000073 ], [ 96.167468862000106, 16.781009623000042 ], [ 96.176594171, 16.783209206000048 ] ] ] } },
{ "type": "Feature", "properties": { "tship_code": "T18", "township": "Tamwe", "district": "East", "hazard": 0.48498472734185172, "exposure": 0.43461820252148109, "vulnerability": 0.50265855340169652, "risk_score": 47.177490016968321, "risk_class": 4, "pop_est": 165313, "elev_mean_m": 12.171119689941406, "schools": 43, "health_facilities": 83, "pcode": "MMR013015" }, "geometry": { "type": "Polygon", "coordinates": [ [ [ 96.185414810000097, 16.807759280000067 ], [ 96.187043540000033, 16.809666694000057 ], [ 96.18003290300004, 16.825024693000067 ], [ 96.177724624000106, 16.824632638000047 ], [ 96.17128097100003, 16.826142728000026 ], [ 96.171880578000085, 16.823972946 ], [ 96.169572886000111, 16.825097534000054 ], [ 96.166797209000038, 16.824108232000089 ], [ 96.166936845000052, 16.817293032000102 ], [ 96.170758881, 16.812425099000027 ], [ 96.172064525000025, 16.806755845000087 ], [ 96.171953033000037, 16.804723623000072 ], [ 96.167781042000087, 16.799898558000081 ], [ 96.168349627000055, 16.798531034000085 ], [ 96.169921918000028, 16.798839703000045 ], [ 96.168885231000047, 16.79800664600004 ], [ 96.171108194000041, 16.795500973000021 ], [ 96.167413215000025, 16.79700559 ], [ 96.169534291000019, 16.795695106 ], [ 96.167686300000057, 16.795232186000074 ], [ 96.169803921000039, 16.794679400000078 ], [ 96.170354883000059, 16.792856729000082 ], [ 96.172315133000069, 16.794869552 ], [ 96.174031800000094, 16.792631449000094 ], [ 96.175675514000019, 16.794415964000041 ], [ 96.180153947000107, 16.794438880000072 ], [ 96.182969703000111, 16.808079995000046 ], [ 96.185414810000097, 16.807759280000067 ] ] ] } },
{ "type": "Feature", "properties": { "tship_code": "T19", "township": "Thaketa", "district": "East", "hazard": 0.56190639687478805, "exposure": 0.31890388986912183, "vulnerability": 0.53176938662003359, "risk_score": 46.932126685911626, "risk_class": 4, "pop_est": 220556, "elev_mean_m": 6.074254035949707, "schools": 57, "health_facilities": 31, "pcode": "MMR013013" }, "geometry": { "type": "Polygon", "coordinates": [ [ [ 96.20315745700006, 16.815729076000018 ], [ 96.202852422000049, 16.81638126999998 ], [ 96.202333668000023, 16.816911015000112 ], [ 96.201581823000083, 16.817129101000038 ], [ 96.199659227000069, 16.815846703000069 ], [ 96.197530876000101, 16.810765600000032 ], [ 96.192197393000058, 16.810232291000048 ], [ 96.196977464000057, 16.800172199000073 ], [ 96.188893563000079, 16.783227415000045 ], [ 96.188974678000122, 16.782353430000029 ], [ 96.189160944000207, 16.781786274000126 ], [ 96.189404677000084, 16.781285521000044 ], [ 96.190149270000049, 16.780447273000053 ], [ 96.200895026000097, 16.77473981100006 ], [ 96.20189412200007, 16.773068660999989 ], [ 96.201735184000199, 16.772455952000143 ], [ 96.208297810000147, 16.78290063999998 ], [ 96.213302692000184, 16.786200353000083 ], [ 96.218299945000183, 16.787501165000208 ], [ 96.237330007645483, 16.802632988886273 ], [ 96.236272589000123, 16.808542390000071 ], [ 96.235261386, 16.809048861000178 ], [ 96.234868439000081, 16.810388414999977 ], [ 96.234029371000105, 16.811427110000054 ], [ 96.233895625000045, 16.81133820800007 ], [ 96.229344536999989, 16.812581201000064 ], [ 96.228017365000042, 16.815621587000095 ], [ 96.219529033000086, 16.81612611 ], [ 96.214100930000114, 16.814378989000044 ], [ 96.21195360500009, 16.8128864870001 ], [ 96.208348823, 16.807839842000021 ], [ 96.206650741, 16.807969643000064 ], [ 96.206158915000074, 16.808290583000062 ], [ 96.205087717000083, 16.809904392 ], [ 96.20315745700006, 16.815729076000018 ] ] ] } },
{ "type": "Feature", "properties": { "tship_code": "T20", "township": "Dagon Myothit (East)", "district": "East", "hazard": 0.63343223556545847, "exposure": 0.17503094271196201, "vulnerability": 0.61646619061456609, "risk_score": 46.875027182901171, "risk_class": 4, "pop_est": 165628, "elev_mean_m": 4.6625814437866211, "schools": 39, "health_facilities": 19, "pcode": "MMR013020" }, "geometry": { "type": "Polygon", "coordinates": [ [ [ 96.225192499000087, 16.871141093000052 ], [ 96.2454046390001, 16.898458218000044 ], [ 96.254353940000087, 16.913201803000021 ], [ 96.25991210800008, 16.908776482000064 ], [ 96.262521538000058, 16.911622605 ], [ 96.280808678000042, 16.894052816000048 ], [ 96.28231375600005, 16.889372688000059 ], [ 96.298288659000036, 16.896562969000083 ], [ 96.290249886000069, 16.914724643000078 ], [ 96.294715870000104, 16.924549810000066 ], [ 96.302456914000047, 16.928718064000069 ], [ 96.310793419000049, 16.929313529000044 ], [ 96.315259406000081, 16.940627359000104 ], [ 96.335474293000047, 16.953536401000079 ], [ 96.335474293000047, 16.958349806000083 ], [ 96.338683227000089, 16.963163212 ], [ 96.344566280000038, 16.971720375000054 ], [ 96.352053798000057, 16.977870839000019 ], [ 96.345300442000038, 16.990262714000014 ], [ 96.340021208000039, 16.9926811610001 ], [ 96.340398879000105, 16.994737257000047 ], [ 96.338304260000086, 16.995134377000042 ], [ 96.337880697000031, 16.997091194000035 ], [ 96.326997333000065, 16.998109346999989 ], [ 96.324513892000098, 16.999700397 ], [ 96.319467545000094, 17.021659825 ], [ 96.316705754000026, 17.023931591000107 ], [ 96.312299242000023, 17.022180319000068 ], [ 96.306272227000065, 17.022279381 ], [ 96.304631694000037, 17.019315265000067 ], [ 96.300065952000097, 17.01655772400008 ], [ 96.298646468000072, 17.018709122000097 ], [ 96.291425676000088, 17.017266847000045 ], [ 96.29161617000004, 17.015187999 ], [ 96.284437254000068, 17.011952788 ], [ 96.277818407000083, 17.006155006 ], [ 96.273877894000094, 17.006250471000083 ], [ 96.273092113000089, 17.008946938000079 ], [ 96.270013833000036, 17.008489244000046 ], [ 96.25974476800009, 17.001890091000082 ], [ 96.25988918400013, 16.999544005000033 ], [ 96.25642931000003, 16.999883574000062 ], [ 96.25117313300008, 16.997247397 ], [ 96.244756829000053, 16.988877896000098 ], [ 96.247380763000081, 16.987386584000074 ], [ 96.25387358100005, 16.987623054000011 ], [ 96.258462499000032, 16.980741678000054 ], [ 96.256296031000019, 16.975393052000086 ], [ 96.26128402100008, 16.971702272000066 ], [ 96.262216180000024, 16.968553321000023 ], [ 96.251206799000016, 16.965257456000082 ], [ 96.246568853000056, 16.968042288000017 ], [ 96.244061871000014, 16.9671383730001 ], [ 96.239381702000017, 16.960092205 ], [ 96.238290752000083, 16.952672738000029 ], [ 96.232514813000108, 16.959069860000064 ], [ 96.228856839000045, 16.959920329000088 ], [ 96.227224201000055, 16.953362951000027 ], [ 96.22286396800007, 16.948056923000031 ], [ 96.218831467000101, 16.947042318000015 ], [ 96.219850629000049, 16.943219851000023 ], [ 96.218534571000049, 16.941644136000033 ], [ 96.212289771000101, 16.94591858600003 ], [ 96.210684048000118, 16.943666719000049 ], [ 96.213033410000079, 16.937322195000014 ], [ 96.20383591900007, 16.933858909999987 ], [ 96.196663866000037, 16.933495948000065 ], [ 96.197496129000072, 16.926923080000055 ], [ 96.194745747000056, 16.917936621 ], [ 96.189477316000051, 16.917481908000042 ], [ 96.186028712000095, 16.921479695000063 ], [ 96.180557803000042, 16.922643653 ], [ 96.203065103000057, 16.882795317000031 ], [ 96.225192499000087, 16.871141093000052 ] ] ] } },
{ "type": "Feature", "properties": { "tship_code": "T21", "township": "Ahlone", "district": "West", "hazard": 0.37675977302890962, "exposure": 0.14189777679306509, "vulnerability": 0.44645935040967599, "risk_score": 31.198296869155563, "risk_class": 1, "pop_est": 55482, "elev_mean_m": 10.68354606628418, "schools": 11, "health_facilities": 12, "pcode": "MMR013037" }, "geometry": { "type": "Polygon", "coordinates": [ [ [ 96.134155867000061, 16.786607951000065 ], [ 96.13141346900008, 16.796713690000086 ], [ 96.131047746000021, 16.797906796000039 ], [ 96.127378771000025, 16.797932261000014 ], [ 96.128815937000098, 16.795142592000033 ], [ 96.12047169700007, 16.795272085 ], [ 96.119522175000029, 16.785750218000061 ], [ 96.120491107000078, 16.781695196000012 ], [ 96.128688894000064, 16.77541620400007 ], [ 96.135612242000036, 16.773718297000094 ], [ 96.136431308000027, 16.777686667000079 ], [ 96.13692806600001, 16.782581076000035 ], [ 96.134155867000061, 16.786607951000065 ] ] ] } },
{ "type": "Feature", "properties": { "tship_code": "T22", "township": "Shwepyithar", "district": "North", "hazard": 0.51042068602249002, "exposure": 0.4265077349456371, "vulnerability": 0.59889166599407284, "risk_score": 50.316889813848718, "risk_class": 5, "pop_est": 343526, "elev_mean_m": 6.5994777679443359, "schools": 72, "health_facilities": 76, "pcode": "MMR013007" }, "geometry": { "type": "Polygon", "coordinates": [ [ [ 96.108313829000082, 16.934809942000072 ], [ 96.113570531000079, 16.94890183700004 ], [ 96.114687026000084, 16.950241633000051 ], [ 96.11736668200011, 16.949858827000085 ], [ 96.118352325000046, 16.951669219000042 ], [ 96.113793832000084, 16.962299795000057 ], [ 96.116060560000051, 16.971501873 ], [ 96.110689178000058, 16.973321852000044 ], [ 96.106919614000091, 16.980584227000083 ], [ 96.100138007000041, 16.982111139000033 ], [ 96.101262109000061, 16.982400037000044 ], [ 96.09982061500007, 16.984544832000047 ], [ 96.101170544000027, 16.988358553000026 ], [ 96.098287500000055, 16.992650678000064 ], [ 96.09911527000007, 16.993745684000071 ], [ 96.09770380900008, 16.993997124 ], [ 96.098176214, 16.999963393 ], [ 96.100163525000113, 16.9989071900001 ], [ 96.09980562800007, 17.003778456000095 ], [ 96.098108188000054, 17.004296851000088 ], [ 96.09975588500005, 17.007028552000069 ], [ 96.097672956000096, 17.01431409200007 ], [ 96.09935214600003, 17.014879069000099 ], [ 96.097089229000034, 17.015660535 ], [ 96.099614500000072, 17.016237157000024 ], [ 96.097799335000076, 17.022439924000054 ], [ 96.094938368000058, 17.02634009100008 ], [ 96.085304564000097, 17.021613669 ], [ 96.083462344000083, 17.017426805000046 ], [ 96.075758519000019, 17.016924381000042 ], [ 96.066882374000031, 17.018599129000055 ], [ 96.058812482000064, 17.01663428600002 ], [ 96.058862875000059, 17.01330749 ], [ 96.055269258000081, 17.012700889 ], [ 96.052569247000065, 17.005306920000084 ], [ 96.049781368000055, 17.002344799000046 ], [ 96.04576198300002, 17.001005003000035 ], [ 96.046655180000116, 16.998325414000103 ], [ 96.039063003000052, 16.999665210000025 ], [ 96.038169806000042, 16.998102113000101 ], [ 96.039732902000054, 16.991849735000052 ], [ 96.037276608000042, 16.985820654000094 ], [ 96.032357638000093, 16.982629634000034 ], [ 96.049847757000038, 16.966638257000021 ], [ 96.060967938000061, 16.941258519000012 ], [ 96.071774429000058, 16.929433970000062 ], [ 96.076631117, 16.931824926 ], [ 96.075212099000012, 16.933881347000067 ], [ 96.078577295000102, 16.935567231000025 ], [ 96.077841062000019, 16.938680884000078 ], [ 96.094976654000021, 16.938756392000109 ], [ 96.103522062000081, 16.942202860000076 ], [ 96.108313829000082, 16.934809942000072 ] ] ] } },
{ "type": "Feature", "properties": { "tship_code": "T23", "township": "Sanchaung", "district": "West", "hazard": 0.2895108483810005, "exposure": 0.3710151792809771, "vulnerability": 0.45920808770330218, "risk_score": 36.046167402656778, "risk_class": 2, "pop_est": 99619, "elev_mean_m": 20.664028167724609, "schools": 43, "health_facilities": 41, "pcode": "MMR013039" }, "geometry": { "type": "Polygon", "coordinates": [ [ [ 96.127378771000025, 16.797932261000014 ], [ 96.131047746000021, 16.797906796000039 ], [ 96.13141346900008, 16.796713690000086 ], [ 96.142539018, 16.804626137000088 ], [ 96.134959640000034, 16.813256327000058 ], [ 96.126047332000084, 16.817306228000039 ], [ 96.126016065000073, 16.801195067000062 ], [ 96.127378771000025, 16.797932261000014 ] ] ] } },
{ "type": "Feature", "properties": { "tship_code": "T24", "township": "Kawhmu", "district": "South", "hazard": 0.65382001973278658, "exposure": 0.081360038337123006, "vulnerability": 0.76372632391603767, "risk_score": 48.093560229011722, "risk_class": 4, "pop_est": 119050, "elev_mean_m": 7.5558815002441406, "schools": 8, "health_facilities": 6, "pcode": "MMR013028" }, "geometry": { "type": "Polygon", "coordinates": [ [ [ 96.274412124, 16.499015263000242 ], [ 96.259338349000117, 16.52154819700009 ], [ 96.250251741000042, 16.545916485000078 ], [ 96.244388552000046, 16.557379648000058 ], [ 96.232906312000082, 16.595473215000055 ], [ 96.233319256000058, 16.608690708000061 ], [ 96.213121981000128, 16.604228161000044 ], [ 96.204479403000022, 16.607764360000065 ], [ 96.198304186000044, 16.604333681000071 ], [ 96.196248985000082, 16.591974268000097 ], [ 96.184238409000017, 16.595756989000087 ], [ 96.175584978000074, 16.594114596000086 ], [ 96.172543566000058, 16.595537408000038 ], [ 96.170640384000052, 16.60953739900004 ], [ 96.167447982000056, 16.612813954000071 ], [ 96.168275446000052, 16.614666988000092 ], [ 96.161252874000041, 16.617713321000082 ], [ 96.154734589000014, 16.616684117000013 ], [ 96.148409102000045, 16.617776563000074 ], [ 96.146999211, 16.610716127000046 ], [ 96.144785627, 16.611881170000075 ], [ 96.141354949000103, 16.610851967 ], [ 96.13517973200004, 16.606735156000084 ], [ 96.130719850000062, 16.608107425000028 ], [ 96.126259972000085, 16.605019818000088 ], [ 96.124887700000059, 16.608107425000028 ], [ 96.116654076000032, 16.608107425000028 ], [ 96.115967942000026, 16.610508901000042 ], [ 96.107869301000065, 16.614645292999985 ], [ 96.103925021000038, 16.620073429000048 ], [ 96.103960571000044, 16.624574675000069 ], [ 96.100794257000075, 16.626401396000045 ], [ 96.102842483000074, 16.629731205000041 ], [ 96.101480361000085, 16.633248711000025 ], [ 96.102602135, 16.637644002000073 ], [ 96.104989775000021, 16.64207112700009 ], [ 96.110198199000109, 16.642815186000103 ], [ 96.109593735000018, 16.649407853000064 ], [ 96.111164994, 16.653735429000015 ], [ 96.108077384000055, 16.657166105 ], [ 96.101559099000028, 16.656136902000028 ], [ 96.09709921700005, 16.654764632 ], [ 96.094011610000024, 16.649961685000058 ], [ 96.090237866000066, 16.648246344000061 ], [ 96.085777984000089, 16.643443397000034 ], [ 96.076858226000056, 16.645158737000031 ], [ 96.064061589000062, 16.656633482000082 ], [ 96.065614661000041, 16.660889100000119 ], [ 96.068318383000104, 16.659830126000074 ], [ 96.070573967000129, 16.664140594000031 ], [ 96.068025438000021, 16.667948026000023 ], [ 96.059915222000086, 16.66337367000008 ], [ 96.059167727000059, 16.660455748000057 ], [ 96.037062373000083, 16.645844872000048 ], [ 96.030544088000056, 16.639669652000077 ], [ 96.018536717000075, 16.652363156999982 ], [ 96.014762973000117, 16.652706226000035 ], [ 95.999324930000057, 16.636925111000011 ], [ 95.992463576000077, 16.636582045000047 ], [ 95.99270012, 16.63208122200006 ], [ 95.989381334000129, 16.631638585000118 ], [ 95.989789755000089, 16.623369536 ], [ 95.975996326000114, 16.617713321000082 ], [ 95.968791903000081, 16.616341052000049 ], [ 95.965018159000039, 16.612224238000039 ], [ 95.961930552000098, 16.615654914000032 ], [ 95.951981588000081, 16.618742524000062 ], [ 95.948550912000087, 16.621830134000092 ], [ 95.945463303000054, 16.619085593000026 ], [ 95.940317286000067, 16.620800930000023 ], [ 95.938945017000023, 16.623545472000089 ], [ 95.934142070000092, 16.62251626800002 ], [ 95.932626483, 16.618501326000089 ], [ 95.927280715, 16.615654914000032 ], [ 95.915273345000031, 16.618399458000098 ], [ 95.913503533000068, 16.610929070000079 ], [ 95.905237470000017, 16.607499937000036 ], [ 95.90223792500008, 16.604268151000067 ], [ 95.903191679000045, 16.597909229 ], [ 95.901376272000022, 16.598203517000098 ], [ 95.897240647000061, 16.603761429000063 ], [ 95.894216282000016, 16.604611842000082 ], [ 95.893179178000096, 16.60115255200003 ], [ 95.895094137000086, 16.594285124000073 ], [ 95.88109397100007, 16.590261049 ], [ 95.881478475000094, 16.565084218 ], [ 95.879388908000038, 16.55701564600005 ], [ 95.877453021000093, 16.55565999800006 ], [ 95.882039721000069, 16.547475801000044 ], [ 95.882440658000036, 16.54118155 ], [ 95.834040819000023, 16.500920672000085 ], [ 95.82944095900011, 16.495776349000057 ], [ 95.826485766000104, 16.48286800600005 ], [ 95.826732285000077, 16.476294104000043 ], [ 95.828704456000096, 16.471692375000057 ], [ 95.832566621000083, 16.46717281800003 ], [ 95.836264441000068, 16.465282821000059 ], [ 95.841363778000101, 16.464972387000042 ], [ 95.848522025000051, 16.469062815 ], [ 95.851589844000046, 16.466579341000042 ], [ 95.858894178000099, 16.467748033000106 ], [ 95.866490686000063, 16.462635002000091 ], [ 95.868974160000022, 16.456207189000093 ], [ 95.867659379000045, 16.449048941000054 ], [ 95.864696558000034, 16.445150253000062 ], [ 95.864007212000018, 16.440868088000048 ], [ 95.869996766999989, 16.431956801000091 ], [ 95.87481762600008, 16.428888982000011 ], [ 95.877155014000039, 16.424652468000044 ], [ 95.877739358000071, 16.419685522000037 ], [ 95.887381080000068, 16.414572488000022 ], [ 95.892518975000087, 16.413811841000058 ], [ 95.891224835000045, 16.415044676000011 ], [ 95.886563654000014, 16.416837115000082 ], [ 95.885023056000094, 16.418244876000031 ], [ 95.883469961000017, 16.422479962000057 ], [ 95.889238236000068, 16.421975450000058 ], [ 95.889951740000043, 16.426202504000042 ], [ 95.891835843000052, 16.42541278900007 ], [ 95.89234669300005, 16.42584336400008 ], [ 95.893971639000114, 16.429741986000067 ], [ 95.894766352, 16.433953614000202 ], [ 95.89437130900005, 16.436718919000025 ], [ 95.890618397999958, 16.437509005999981 ], [ 95.891013439000048, 16.444224746000046 ], [ 95.888741656000022, 16.451768482 ], [ 95.8927402, 16.457081298000031 ], [ 95.894483179000076, 16.458824278000094 ], [ 95.898840626, 16.457662291000052 ], [ 95.902907577000065, 16.459986265000047 ], [ 95.909684112999969, 16.458489599000227 ], [ 95.914192778000071, 16.465500864999981 ], [ 95.919228187000058, 16.465653453000083 ], [ 95.924495433000047, 16.467760351000059 ], [ 95.926256385000087, 16.470246405000054 ], [ 95.930452039000045, 16.470819074000097 ], [ 95.935171273000066, 16.473624895000082 ], [ 95.937572745000082, 16.478084774000056 ], [ 95.93654354200001, 16.482887721000083 ], [ 95.939490170000013, 16.487359652000077 ], [ 95.938616179, 16.489457223000212 ], [ 95.940393875, 16.493407658 ], [ 95.944043217000058, 16.494162695000036 ], [ 95.942606005000073, 16.515828314000046 ], [ 95.9475217090001, 16.531946401000063 ], [ 95.954383060000083, 16.543953769000041 ], [ 95.960558280000058, 16.547727513 ], [ 95.966385866000039, 16.548787741000059 ], [ 95.970769876000048, 16.547209068 ], [ 95.974923735000104, 16.547624686000105 ], [ 95.973931337000053, 16.545782297000077 ], [ 95.967161217000069, 16.542935671000091 ], [ 95.966370949000051, 16.541185406000046 ], [ 95.966409104, 16.536515748000035 ], [ 95.970940879000068, 16.529470588000027 ], [ 95.978740867000099, 16.53057412900003 ], [ 95.989375965999969, 16.526457319000098 ], [ 95.995208117000047, 16.527829588000053 ], [ 95.999324930000057, 16.525085047000076 ], [ 96.006186281000041, 16.527829588000053 ], [ 96.007215484000028, 16.524741978000019 ], [ 96.013390704000088, 16.525085047000076 ], [ 96.020595124000039, 16.521311302000029 ], [ 96.02084067600002, 16.518044872000036 ], [ 96.023682734000062, 16.516165286000039 ], [ 96.029514885000069, 16.516165286000039 ], [ 96.04495293100004, 16.505530188 ], [ 96.04906974400005, 16.505873256000058 ], [ 96.052843488000107, 16.502442581000064 ], [ 96.054558826000104, 16.497296564000074 ], [ 96.061763246000055, 16.490092144000034 ], [ 96.079644109000085, 16.485551423000032 ], [ 96.081661174, 16.491807482000031 ], [ 96.083719578000043, 16.49077827900005 ], [ 96.088179459000017, 16.495238158000024 ], [ 96.092982406999951, 16.49455202300005 ], [ 96.099843761000031, 16.48666146600004 ], [ 96.108420453000107, 16.48563226300006 ], [ 96.108304919000048, 16.478604981000021 ], [ 96.106534746000051, 16.473668713000066 ], [ 96.111164994, 16.470537285000052 ], [ 96.114595670000071, 16.470537285000052 ], [ 96.119398617000101, 16.474654098000062 ], [ 96.129690647000089, 16.471566488000033 ], [ 96.13517973200004, 16.472252623000049 ], [ 96.139639611000106, 16.465391269000062 ], [ 96.146844031000057, 16.465391269000062 ], [ 96.151871125000056, 16.458531847000057 ], [ 96.157136064000028, 16.46093139 ], [ 96.160566739000032, 16.466763541 ], [ 96.167493688000022, 16.463342726000029 ], [ 96.173603310000075, 16.466763541 ], [ 96.174975582000016, 16.472595692000013 ], [ 96.180464665000059, 16.47431102900001 ], [ 96.184581478, 16.478084774000159 ], [ 96.198304186000044, 16.47842784200002 ], [ 96.199819585999933, 16.46809831600018 ], [ 96.202156679000041, 16.466061499 ], [ 96.205252935000075, 16.467522241999987 ], [ 96.20727931600004, 16.47341340100008 ], [ 96.213768333000047, 16.473047403000084 ], [ 96.213025954000088, 16.478362237000098 ], [ 96.215854526000086, 16.483536154 ], [ 96.218851235000059, 16.484746232000113 ], [ 96.217137346000086, 16.490292204000067 ], [ 96.217941614000026, 16.498106009 ], [ 96.216292576000086, 16.500100756000013 ], [ 96.219856697000111, 16.510293826000066 ], [ 96.228347624000023, 16.504118609 ], [ 96.230856304000014, 16.489452463000042 ], [ 96.234908793000031, 16.485592953 ], [ 96.241084010000094, 16.484242124000058 ], [ 96.269810162000056, 16.488370143000019 ], [ 96.269591520000077, 16.496939576000024 ], [ 96.274412124, 16.499015263000242 ] ] ] } },
{ "type": "Feature", "properties": { "tship_code": "T25", "township": "North Okkalapa", "district": "East", "hazard": 0.5805570929101026, "exposure": 0.57975255540408743, "vulnerability": 0.54938755193115019, "risk_score": 57.248311953825912, "risk_class": 5, "pop_est": 333293, "elev_mean_m": 5.4243831634521484, "schools": 107, "health_facilities": 127, "pcode": "MMR013012" }, "geometry": { "type": "Polygon", "coordinates": [ [ [ 96.180557803000042, 16.922643653 ], [ 96.186028712000095, 16.921479695000063 ], [ 96.189477316000051, 16.917481908000042 ], [ 96.194745747000056, 16.917936621 ], [ 96.197496129000072, 16.926923080000055 ], [ 96.196663866000037, 16.933495948000065 ], [ 96.20383591900007, 16.933858909999987 ], [ 96.213033410000079, 16.937322195000014 ], [ 96.210684048000118, 16.943666719000049 ], [ 96.212289771000101, 16.94591858600003 ], [ 96.2057932700001, 16.952074204000066 ], [ 96.20252002800008, 16.951448487000075 ], [ 96.191560345000099, 16.954747883000042 ], [ 96.187772356000025, 16.957917939000055 ], [ 96.183118789000019, 16.958799512999988 ], [ 96.179723216000085, 16.962289862000034 ], [ 96.176844182000082, 16.96235780200006 ], [ 96.176267576000072, 16.961412316000079 ], [ 96.171102489000106, 16.962503388000115 ], [ 96.174344920000067, 16.959455126000055 ], [ 96.175241553, 16.955388965000061 ], [ 96.170602717000051, 16.949903622000061 ], [ 96.167936166000047, 16.948785361 ], [ 96.16756572600012, 16.942998733000024 ], [ 96.170679206000074, 16.940995759000032 ], [ 96.172200750000016, 16.933377709000052 ], [ 96.170846598000068, 16.93067342500003 ], [ 96.169526549000096, 16.932183701000024 ], [ 96.168874536000061, 16.930692476 ], [ 96.157445625000065, 16.929792421000055 ], [ 96.158201340000062, 16.92748778100006 ], [ 96.156737317000079, 16.926170940000084 ], [ 96.149037810000024, 16.924230411000018 ], [ 96.142507445000064, 16.915014419000073 ], [ 96.145892654000122, 16.908027687000104 ], [ 96.15212019600007, 16.889097104 ], [ 96.154203297000024, 16.873345986000054 ], [ 96.156030180000101, 16.86961498400008 ], [ 96.162382566000076, 16.872933317000015 ], [ 96.161973831000097, 16.875734239000039 ], [ 96.166638718000073, 16.879667069000014 ], [ 96.167180779000063, 16.883366693000056 ], [ 96.159280194000075, 16.88263523300002 ], [ 96.158662528000036, 16.884931035 ], [ 96.164060477000092, 16.892061396000035 ], [ 96.169386153000019, 16.893758995000073 ], [ 96.167253682000066, 16.899991193000051 ], [ 96.174988748000047, 16.903847920000036 ], [ 96.176194818000084, 16.917505035 ], [ 96.180557803000042, 16.922643653 ] ] ] } },
{ "type": "Feature", "properties": { "tship_code": "T26", "township": "Cocokyun", "district": "South", "hazard": 0.68747120667604789, "exposure": 0.0, "vulnerability": 0.24271701071644311, "risk_score": 33.566773534952993, "risk_class": 1, "pop_est": 1940, "elev_mean_m": 19.003913879394531, "schools": 0, "health_facilities": 0, "pcode": "MMR013032" }, "geometry": { "type": "MultiPolygon", "coordinates": [ [ [ [ 93.367153639000094, 14.044924665 ], [ 93.368052790000164, 14.069348901000119 ], [ 93.374749923000138, 14.091492118000016 ], [ 93.378902034000077, 14.122371612000057 ], [ 93.368221783000195, 14.141524556000109 ], [ 93.37899020500015, 14.148531875000041 ], [ 93.365255224000194, 14.158051609000045 ], [ 93.350413073000198, 14.149731686000242 ], [ 93.361461835000057, 14.097714650000082 ], [ 93.354370786000175, 14.083245655000107 ], [ 93.352548669000157, 14.07356104600002 ], [ 93.359432716000143, 14.068790814000023 ], [ 93.362573569999952, 14.044257853000126 ], [ 93.367153639000094, 14.044924665 ] ] ], [ [ [ 93.614257367000064, 14.843653854000207 ], [ 93.626954025000032, 14.867426164000191 ], [ 93.637750287000188, 14.873450520000192 ], [ 93.640496676000112, 14.893543188 ], [ 93.644188272000235, 14.901630055000069 ], [ 93.640895711000198, 14.906136731000228 ], [ 93.622972478, 14.896217263 ], [ 93.61212000200004, 14.873959104000171 ], [ 93.608544173000055, 14.845350318000042 ], [ 93.609696450000058, 14.838216685000015 ], [ 93.613216957000148, 14.834266248000139 ], [ 93.614257367000064, 14.843653854000207 ] ] ] ] } },
{ "type": "Feature", "properties": { "tship_code": "T27", "township": "Yankin", "district": "East", "hazard": 0.48975183510848141, "exposure": 0.14622274767345761, "vulnerability": 0.55226569544699255, "risk_score": 38.514511959085091, "risk_class": 2, "pop_est": 70946, "elev_mean_m": 13.326987266540527, "schools": 15, "health_facilities": 12, "pcode": "MMR013010" }, "geometry": { "type": "Polygon", "coordinates": [ [ [ 96.154624578000067, 16.829228870000023 ], [ 96.16226724300013, 16.823060467000083 ], [ 96.166797209000038, 16.824108232000089 ], [ 96.169572886000111, 16.825097534000054 ], [ 96.171880578000085, 16.823972946 ], [ 96.17128097100003, 16.826142728000026 ], [ 96.177724624000106, 16.824632638000047 ], [ 96.174116726000094, 16.833592517000028 ], [ 96.164419733000059, 16.851838101000038 ], [ 96.157670644000035, 16.850141492 ], [ 96.154624578000067, 16.829228870000023 ] ] ] } },
{ "type": "Feature", "properties": { "tship_code": "T28", "township": "Thanlyin", "district": "South", "hazard": 0.73646787064938402, "exposure": 0.21592643790806679, "vulnerability": 0.64849424592996496, "risk_score": 53.228496301006842, "risk_class": 5, "pop_est": 268063, "elev_mean_m": 4.8369026184082031, "schools": 37, "health_facilities": 15, "pcode": "MMR013023" }, "geometry": { "type": "Polygon", "coordinates": [ [ [ 96.367559079000088, 16.941297581000047 ], [ 96.368329698000068, 16.936559466000055 ], [ 96.367379608000064, 16.931959339000024 ], [ 96.366330975000082, 16.930211572000097 ], [ 96.365354297000096, 16.929520995000068 ], [ 96.35475746500002, 16.923086115000018 ], [ 96.349252395000079, 16.917722711000071 ], [ 96.347143340000102, 16.915200704000032 ], [ 96.342516775000021, 16.907377789000066 ], [ 96.343594078000066, 16.902686092000096 ], [ 96.338798494000031, 16.893301801000081 ], [ 96.329974594000106, 16.885883791000044 ], [ 96.317100497000098, 16.878302411000078 ], [ 96.315803499000069, 16.87579997200006 ], [ 96.31386359300005, 16.848336083000092 ], [ 96.310951726, 16.834070532000055 ], [ 96.307899445000047, 16.828303175 ], [ 96.300003024000048, 16.822100477000056 ], [ 96.290801972000096, 16.820002395000099 ], [ 96.283302277000047, 16.821699935000044 ], [ 96.282584195000055, 16.814419874000052 ], [ 96.278143056000033, 16.805685637000089 ], [ 96.265809995000012, 16.795833812000026 ], [ 96.257125105000043, 16.789517529000019 ], [ 96.229754545000077, 16.782543299000018 ], [ 96.223043495000084, 16.779516749000067 ], [ 96.216464033000065, 16.771752982000109 ], [ 96.216332444000017, 16.752672543000035 ], [ 96.225059570000013, 16.739607650000043 ], [ 96.227535308000128, 16.725149946 ], [ 96.225471555000084, 16.709456281000023 ], [ 96.22826001200005, 16.699431257000107 ], [ 96.232063416000059, 16.687199618000047 ], [ 96.237810730000064, 16.677707839000021 ], [ 96.242817626, 16.672648147000068 ], [ 96.244336129000061, 16.673818210000068 ], [ 96.249852550000057, 16.675477729000065 ], [ 96.257440090000088, 16.67440529600006 ], [ 96.260602465, 16.675404581000052 ], [ 96.264813759, 16.675385683000098 ], [ 96.266156282000068, 16.678644037000069 ], [ 96.270568793000024, 16.676608560000016 ], [ 96.272382301000064, 16.675698747000055 ], [ 96.277478305, 16.670809099000053 ], [ 96.295928414000059, 16.678852710000069 ], [ 96.319278430000082, 16.694030220000066 ], [ 96.336790942, 16.70298105800001 ], [ 96.340843799000055, 16.701905810000039 ], [ 96.344656708000059, 16.712557538000027 ], [ 96.351442807000041, 16.714746602000051 ], [ 96.358669420000055, 16.717805886000047 ], [ 96.358669420000055, 16.722402922000089 ], [ 96.354069685000056, 16.727662079000027 ], [ 96.359980157000052, 16.730070051000045 ], [ 96.371144384000075, 16.728318798 ], [ 96.375303606000045, 16.725910829000078 ], [ 96.378587200000126, 16.728318798 ], [ 96.400766248000082, 16.726735552000015 ], [ 96.402741597, 16.729577560000063 ], [ 96.403374889000091, 16.735601595000048 ], [ 96.401997741000102, 16.741613495 ], [ 96.405950501000035, 16.748239280000043 ], [ 96.398726590000066, 16.74999053300008 ], [ 96.397934082000049, 16.753953078000027 ], [ 96.401353468000082, 16.766846326000028 ], [ 96.397194246000112, 16.772318984000044 ], [ 96.39472340100005, 16.779230362000085 ], [ 96.398656826000064, 16.784394595000073 ], [ 96.404752101000085, 16.784127724000019 ], [ 96.41095520100005, 16.791440780000077 ], [ 96.412039190000129, 16.794759244000023 ], [ 96.434740309000105, 16.803246846 ], [ 96.434288294000098, 16.805421867000025 ], [ 96.430894676000065, 16.807613578 ], [ 96.425380051000033, 16.806199572000068 ], [ 96.409537682000092, 16.807427996000101 ], [ 96.414940429000097, 16.817757845000102 ], [ 96.413999390000043, 16.824610806000106 ], [ 96.417025189000114, 16.828704726000087 ], [ 96.411890874000022, 16.829586097000092 ], [ 96.407761304000118, 16.826589096000099 ], [ 96.405592667000093, 16.830637652000057 ], [ 96.401418472000046, 16.831235160000023 ], [ 96.400670750000074, 16.837737755 ], [ 96.405993710000061, 16.843810326 ], [ 96.405633706000017, 16.851505688000067 ], [ 96.399475914000078, 16.853521414000049 ], [ 96.400102201000024, 16.857930371000073 ], [ 96.396400445000069, 16.860174963000073 ], [ 96.388736766000051, 16.85513935400007 ], [ 96.391489663000087, 16.871831653000079 ], [ 96.390642586000084, 16.872899312000044 ], [ 96.383865580000062, 16.869306612000056 ], [ 96.382199148000026, 16.870488393000048 ], [ 96.38344294000008, 16.872172119 ], [ 96.380163349000071, 16.873221063000109 ], [ 96.38188162800013, 16.874511934000068 ], [ 96.381061180000103, 16.881401984000032 ], [ 96.3765891, 16.880995923000096 ], [ 96.378331740000036, 16.883996457000027 ], [ 96.378789817000012, 16.890150154 ], [ 96.394193472000069, 16.894128126000062 ], [ 96.394639815000062, 16.906087235000044 ], [ 96.392629158000048, 16.909768814000103 ], [ 96.405157039000102, 16.909791010000074 ], [ 96.412557521000025, 16.908342594000047 ], [ 96.416432888000045, 16.909490100000045 ], [ 96.417749299000079, 16.911817013000107 ], [ 96.416334348000063, 16.920431062000073 ], [ 96.418667975000062, 16.923383328000096 ], [ 96.418927955000072, 16.928052788000091 ], [ 96.415174696000037, 16.931562435000046 ], [ 96.407152331000091, 16.954542421 ], [ 96.406537353, 16.9613245510001 ], [ 96.403390635000065, 16.963364762000065 ], [ 96.399030369000073, 16.962552471 ], [ 96.392824375000032, 16.963967967000059 ], [ 96.394949109000066, 16.973787344000101 ], [ 96.378888510000095, 16.973813634000056 ], [ 96.374342131000077, 16.969232344000073 ], [ 96.364698506000096, 16.963155601000079 ], [ 96.361425515000093, 16.957277408000081 ], [ 96.362186634000096, 16.952409108000065 ], [ 96.367559079000088, 16.941297581000047 ] ] ] } },
{ "type": "Feature", "properties": { "tship_code": "T29", "township": "Mingaladon", "district": "North", "hazard": 0.42508458606081467, "exposure": 0.26003085292013162, "vulnerability": 0.54595959349632206, "risk_score": 39.753453132045252, "risk_class": 2, "pop_est": 331586, "elev_mean_m": 16.764303207397461, "schools": 27, "health_facilities": 26, "pcode": "MMR013002" }, "geometry": { "type": "Polygon", "coordinates": [ [ [ 96.128740529000069, 16.8960629420001 ], [ 96.143046037000047, 16.903795384000041 ], [ 96.145892654000122, 16.908027687000104 ], [ 96.142507445000064, 16.915014419000073 ], [ 96.149037810000024, 16.924230411000018 ], [ 96.156737317000079, 16.926170940000084 ], [ 96.158201340000062, 16.92748778100006 ], [ 96.157445625000065, 16.929792421000055 ], [ 96.168874536000061, 16.930692476 ], [ 96.169526549000096, 16.932183701000024 ], [ 96.170846598000068, 16.93067342500003 ], [ 96.172200750000016, 16.933377709000052 ], [ 96.170679206000074, 16.940995759000032 ], [ 96.16756572600012, 16.942998733000024 ], [ 96.167936166000047, 16.948785361 ], [ 96.170602717000051, 16.949903622000061 ], [ 96.175241553, 16.955388965000061 ], [ 96.174344920000067, 16.959455126000055 ], [ 96.171102489000106, 16.962503388000115 ], [ 96.176267576000072, 16.961412316000079 ], [ 96.176844182000082, 16.96235780200006 ], [ 96.181135276000035, 16.968248152000086 ], [ 96.180650096000036, 16.973531342000058 ], [ 96.18453819900013, 16.975774063000081 ], [ 96.180199650000077, 16.97635466300007 ], [ 96.179769078000064, 16.978303796000048 ], [ 96.183744595000107, 16.980408815000047 ], [ 96.179483725000082, 16.981534829000044 ], [ 96.180932527000053, 16.985662384000054 ], [ 96.179986418000013, 16.987771478000035 ], [ 96.17712914300003, 16.986329233000074 ], [ 96.175838261000081, 16.990594187000085 ], [ 96.178297346000065, 16.992245849000053 ], [ 96.173894187000073, 16.992742440000018 ], [ 96.171327855000101, 16.988694555000027 ], [ 96.16926732500005, 16.989568781000063 ], [ 96.169885925000074, 16.991078746000031 ], [ 96.167588572000057, 16.992402438000042 ], [ 96.167828605000111, 16.995598801000011 ], [ 96.163988108000055, 17.00132578200002 ], [ 96.166219583000029, 17.004010776000044 ], [ 96.16422016000007, 17.004727560000021 ], [ 96.163655667000072, 17.003366285 ], [ 96.16134458100008, 17.003541851000058 ], [ 96.161779164000066, 17.005364577000059 ], [ 96.158453111000114, 17.006623622000049 ], [ 96.160504901000067, 17.008378128000089 ], [ 96.159460338000059, 17.009687460000066 ], [ 96.157937707000102, 17.00917176200003 ], [ 96.159665202000042, 17.014295588000049 ], [ 96.15614036500007, 17.015245398000033 ], [ 96.155751941000091, 17.01714859700003 ], [ 96.152905610000033, 17.019033526000026 ], [ 96.154417015000035, 17.019869052000058 ], [ 96.153505573000118, 17.02229793800003 ], [ 96.15576389200001, 17.023945969000053 ], [ 96.153318265000067, 17.027898334000046 ], [ 96.160669538, 17.035135491000041 ], [ 96.163759397000049, 17.034012808000053 ], [ 96.166383484000093, 17.035154640000027 ], [ 96.166760741000047, 17.03923152700002 ], [ 96.171380197000076, 17.03870960100009 ], [ 96.171784543000044, 17.044007472000033 ], [ 96.174985449000033, 17.047372170000074 ], [ 96.173840797000096, 17.05998780700002 ], [ 96.169838985000098, 17.065160690000013 ], [ 96.166170397000045, 17.066150417000102 ], [ 96.161523557000052, 17.065561491000047 ], [ 96.15623645600003, 17.061956626000029 ], [ 96.153535213000083, 17.066659254000015 ], [ 96.148942942000076, 17.068696213000067 ], [ 96.147111998000113, 17.078157095000023 ], [ 96.143659627, 17.081433339000029 ], [ 96.136114385000013, 17.080075415000028 ], [ 96.125844067000045, 17.082067282 ], [ 96.123749957000072, 17.082967257000025 ], [ 96.121033730000121, 17.087392466000061 ], [ 96.118489760000045, 17.087976561000072 ], [ 96.117036916000089, 17.090069926000083 ], [ 96.115414730000083, 17.089639921000032 ], [ 96.111337282000036, 17.082109243000087 ], [ 96.104775564000064, 17.078924420000096 ], [ 96.104161929, 17.075765278000098 ], [ 96.101346073000073, 17.073910909000055 ], [ 96.103803799000033, 17.062851947000034 ], [ 96.098245167000101, 17.057763802000036 ], [ 96.093808484000093, 17.056371556000038 ], [ 96.09052803100009, 17.049256418000013 ], [ 96.091832343000107, 17.036211232000053 ], [ 96.094938368000058, 17.02634009100008 ], [ 96.097799335000076, 17.022439924000054 ], [ 96.099614500000072, 17.016237157000024 ], [ 96.097089229000034, 17.015660535 ], [ 96.09935214600003, 17.014879069000099 ], [ 96.097672956000096, 17.01431409200007 ], [ 96.09975588500005, 17.007028552000069 ], [ 96.098108188000054, 17.004296851000088 ], [ 96.09980562800007, 17.003778456000095 ], [ 96.100163525000113, 16.9989071900001 ], [ 96.098176214, 16.999963393 ], [ 96.09770380900008, 16.993997124 ], [ 96.09911527000007, 16.993745684000071 ], [ 96.098287500000055, 16.992650678000064 ], [ 96.101170544000027, 16.988358553000026 ], [ 96.09982061500007, 16.984544832000047 ], [ 96.101262109000061, 16.982400037000044 ], [ 96.100138007000041, 16.982111139000033 ], [ 96.106919614000091, 16.980584227000083 ], [ 96.110689178000058, 16.973321852000044 ], [ 96.116060560000051, 16.971501873 ], [ 96.113793832000084, 16.962299795000057 ], [ 96.118352325000046, 16.951669219000042 ], [ 96.11736668200011, 16.949858827000085 ], [ 96.114687026000084, 16.950241633000051 ], [ 96.113570531000079, 16.94890183700004 ], [ 96.108313829000082, 16.934809942000072 ], [ 96.108849212000052, 16.932218065000026 ], [ 96.106424955000108, 16.92992139899998 ], [ 96.106648253000017, 16.918309836000066 ], [ 96.115087360000075, 16.913214018000055 ], [ 96.120812890000053, 16.904152909000047 ], [ 96.123056591000079, 16.903371673000066 ], [ 96.12432626500005, 16.900307868000052 ], [ 96.12215633800011, 16.896058441 ], [ 96.125882737000055, 16.895154227000052 ], [ 96.128740529000069, 16.8960629420001 ] ] ] } },
{ "type": "Feature", "properties": { "tship_code": "T30", "township": "Dagon Myothit (South)", "district": "East", "hazard": 0.60263760798608701, "exposure": 0.32887031179032022, "vulnerability": 0.59933855980410311, "risk_score": 50.599429227207281, "risk_class": 5, "pop_est": 371646, "elev_mean_m": 5.2817935943603516, "schools": 33, "health_facilities": 29, "pcode": "MMR013018" }, "geometry": { "type": "Polygon", "coordinates": [ [ [ 96.20997244400003, 16.849565896000062 ], [ 96.216108201000026, 16.844781541000064 ], [ 96.212182049000063, 16.840665056 ], [ 96.211438351000083, 16.837865916000027 ], [ 96.214521321000092, 16.831674275000029 ], [ 96.214841722000045, 16.823900505000044 ], [ 96.219922222000022, 16.818711961000087 ], [ 96.219529033000086, 16.81612611 ], [ 96.228017365000042, 16.815621587000095 ], [ 96.229344536999989, 16.812581201000064 ], [ 96.233895625000045, 16.81133820800007 ], [ 96.234029371000105, 16.811427110000054 ], [ 96.236802657000055, 16.815100026000017 ], [ 96.247136523000037, 16.848981398000017 ], [ 96.248738356000061, 16.849203131000067 ], [ 96.256127438000107, 16.85738489900006 ], [ 96.255521220000034, 16.861680177 ], [ 96.274095493000061, 16.883809714000051 ], [ 96.276681905000018, 16.883973703 ], [ 96.276639054000015, 16.885587360000031 ], [ 96.28231375600005, 16.889372688000059 ], [ 96.280808678000042, 16.894052816000048 ], [ 96.262521538000058, 16.911622605 ], [ 96.25991210800008, 16.908776482000064 ], [ 96.254353940000087, 16.913201803000021 ], [ 96.2454046390001, 16.898458218000044 ], [ 96.225192499000087, 16.871141093000052 ], [ 96.218446784000079, 16.865571446 ], [ 96.211465573000027, 16.856676310000051 ], [ 96.20997244400003, 16.849565896000062 ] ] ] } },
{ "type": "Feature", "properties": { "tship_code": "T31", "township": "Kamaryut", "district": "West", "hazard": 0.30576951113241951, "exposure": 0.34421586693563933, "vulnerability": 0.36727308585038299, "risk_score": 33.460162934303725, "risk_class": 1, "pop_est": 84569, "elev_mean_m": 20.602048873901367, "schools": 139, "health_facilities": 25, "pcode": "MMR013041" }, "geometry": { "type": "Polygon", "coordinates": [ [ [ 96.135686863000075, 16.84127560300006 ], [ 96.134105307000041, 16.836419832000015 ], [ 96.129227727000057, 16.835775167000055 ], [ 96.122156005000079, 16.832108733 ], [ 96.114862783000063, 16.831131399000054 ], [ 96.117975555000044, 16.822079625000235 ], [ 96.126047332000084, 16.817306228000039 ], [ 96.134959640000034, 16.813256327000058 ], [ 96.142539018, 16.804626137000088 ], [ 96.14557806400002, 16.80617288200008 ], [ 96.142701197000108, 16.811466772000049 ], [ 96.145147333000082, 16.814344336000019 ], [ 96.145062527000093, 16.824201187000053 ], [ 96.146350573000078, 16.824910226000011 ], [ 96.145150199000057, 16.827048447 ], [ 96.143641010000067, 16.826467190000049 ], [ 96.143849285000073, 16.829676303 ], [ 96.140672487000117, 16.830935348 ], [ 96.141577894000065, 16.833019492000044 ], [ 96.140552199000112, 16.83204235000002 ], [ 96.139636759000041, 16.834548689 ], [ 96.135101367000033, 16.834818358000025 ], [ 96.135686863000075, 16.84127560300006 ] ] ] } },
{ "type": "Feature", "properties": { "tship_code": "T32", "township": "Thingangyun", "district": "East", "hazard": 0.56765190105711949, "exposure": 0.35314087418253942, "vulnerability": 0.56033703300149318, "risk_score": 49.074432463710991, "risk_class": 4, "pop_est": 209486, "elev_mean_m": 7.2288093566894531, "schools": 51, "health_facilities": 62, "pcode": "MMR013009" }, "geometry": { "type": "Polygon", "coordinates": [ [ [ 96.202512286000058, 16.851047369000071 ], [ 96.199021448000067, 16.847264871000011 ], [ 96.200799828000029, 16.84602073500001 ], [ 96.193635084000078, 16.839449220000024 ], [ 96.178092143000043, 16.833818097000041 ], [ 96.174116726000094, 16.833592517000028 ], [ 96.177724624000106, 16.824632638000047 ], [ 96.18003290300004, 16.825024693000067 ], [ 96.187043540000033, 16.809666694000057 ], [ 96.192197393000058, 16.810232291000048 ], [ 96.197530876000101, 16.810765600000032 ], [ 96.199659227000069, 16.815846703000069 ], [ 96.201581823000083, 16.817129101000038 ], [ 96.202333668000023, 16.816911015000112 ], [ 96.202852422000049, 16.81638126999998 ], [ 96.20315745700006, 16.815729076000018 ], [ 96.205087717000083, 16.809904392 ], [ 96.206158915000074, 16.808290583000062 ], [ 96.206650741, 16.807969643000064 ], [ 96.208348823, 16.807839842000021 ], [ 96.21195360500009, 16.8128864870001 ], [ 96.214100930000114, 16.814378989000044 ], [ 96.219529033000086, 16.81612611 ], [ 96.219922222000022, 16.818711961000087 ], [ 96.214841722000045, 16.823900505000044 ], [ 96.214521321000092, 16.831674275000029 ], [ 96.211438351000083, 16.837865916000027 ], [ 96.212182049000063, 16.840665056 ], [ 96.216108201000026, 16.844781541000064 ], [ 96.20997244400003, 16.849565896000062 ], [ 96.202512286000058, 16.851047369000071 ] ] ] } },
{ "type": "Feature", "properties": { "tship_code": "T33", "township": "Bahan", "district": "West", "hazard": 0.27729509180036838, "exposure": 0.23138457393429851, "vulnerability": 0.4564551308090023, "risk_score": 30.601642029940244, "risk_class": 1, "pop_est": 96732, "elev_mean_m": 24.160112380981445, "schools": 47, "health_facilities": 39, "pcode": "MMR013044" }, "geometry": { "type": "Polygon", "coordinates": [ [ [ 96.146350573000078, 16.824910226000011 ], [ 96.145062527000093, 16.824201187000053 ], [ 96.145147333000082, 16.814344336000019 ], [ 96.142701197000108, 16.811466772000049 ], [ 96.14557806400002, 16.80617288200008 ], [ 96.142539018, 16.804626137000088 ], [ 96.14456380300004, 16.801444221000072 ], [ 96.146507145000072, 16.802573621 ], [ 96.15112507300006, 16.800893656 ], [ 96.1521002490001, 16.797257730000069 ], [ 96.15055391600005, 16.795591348000038 ], [ 96.15323388900002, 16.79647601700005 ], [ 96.156581696000089, 16.795538553000021 ], [ 96.161493002000014, 16.795814087000082 ], [ 96.163030445000032, 16.79475568 ], [ 96.162508027000072, 16.793394045000042 ], [ 96.170354883000059, 16.792856729000082 ], [ 96.169803921000039, 16.794679400000078 ], [ 96.167686300000057, 16.795232186000074 ], [ 96.169534291000019, 16.795695106 ], [ 96.167413215000025, 16.79700559 ], [ 96.171108194000041, 16.795500973000021 ], [ 96.168885231000047, 16.79800664600004 ], [ 96.169921918000028, 16.798839703000045 ], [ 96.168349627000055, 16.798531034000085 ], [ 96.167781042000087, 16.799898558000081 ], [ 96.171953033000037, 16.804723623000072 ], [ 96.172064525000025, 16.806755845000087 ], [ 96.170758881, 16.812425099000027 ], [ 96.166936845000052, 16.817293032000102 ], [ 96.166797209000038, 16.824108232000089 ], [ 96.16226724300013, 16.823060467000083 ], [ 96.154624578000067, 16.829228870000023 ], [ 96.153398351000035, 16.829313157000069 ], [ 96.152498248000086, 16.825800518000044 ], [ 96.146846681000099, 16.8277312650001 ], [ 96.146350573000078, 16.824910226000011 ] ] ] } },
{ "type": "Feature", "properties": { "tship_code": "T34", "township": "Dawbon", "district": "East", "hazard": 0.54902009655073369, "exposure": 0.18768113845623779, "vulnerability": 0.57008191427338062, "risk_score": 42.781691564832194, "risk_class": 3, "pop_est": 75325, "elev_mean_m": 6.5530428886413574, "schools": 12, "health_facilities": 9, "pcode": "MMR013014" }, "geometry": { "type": "Polygon", "coordinates": [ [ [ 96.186508279000066, 16.805047396000038 ], [ 96.187007984000019, 16.805952856 ], [ 96.189518054000047, 16.805014439000065 ], [ 96.191925128, 16.801894017000073 ], [ 96.19001015, 16.792166538000085 ], [ 96.18764885500012, 16.788046667000089 ], [ 96.179809652000046, 16.784743138000046 ], [ 96.178459248000038, 16.781096289000018 ], [ 96.196712575000078, 16.771548101000032 ], [ 96.200958332000098, 16.771666357000047 ], [ 96.20189412200007, 16.773068660999989 ], [ 96.200895026000097, 16.77473981100006 ], [ 96.190149270000049, 16.780447273000053 ], [ 96.189404677000084, 16.781285521000044 ], [ 96.189160944000207, 16.781786274000126 ], [ 96.188974678000122, 16.782353430000029 ], [ 96.188893563000079, 16.783227415000045 ], [ 96.196977464000057, 16.800172199000073 ], [ 96.192197393000058, 16.810232291000048 ], [ 96.187043540000033, 16.809666694000057 ], [ 96.185414810000097, 16.807759280000067 ], [ 96.186508279000066, 16.805047396000038 ] ] ] } },
{ "type": "Feature", "properties": { "tship_code": "T35", "township": "Pabedan", "district": "West", "hazard": 0.36293812996693109, "exposure": 0.29985001602567918, "vulnerability": 0.56537097500256128, "risk_score": 39.146550134640052, "risk_class": 2, "pop_est": 33336, "elev_mean_m": 14.929019927978516, "schools": 6, "health_facilities": 16, "pcode": "MMR013034" }, "geometry": { "type": "Polygon", "coordinates": [ [ [ 96.159009806000086, 16.77936697400002 ], [ 96.159113094000105, 16.781060861000107 ], [ 96.153341153000014, 16.781358137000012 ], [ 96.153192614000062, 16.771748325 ], [ 96.157991945000063, 16.770669527000081 ], [ 96.159009806000086, 16.77936697400002 ] ] ] } },
{ "type": "Feature", "properties": { "tship_code": "T36", "township": "Twantay", "district": "South", "hazard": 0.59977996650844112, "exposure": 0.1310433511030728, "vulnerability": 0.74968691423273759, "risk_score": 47.319888804763643, "risk_class": 4, "pop_est": 226836, "elev_mean_m": 5.3763422966003418, "schools": 5, "health_facilities": 5, "pcode": "MMR013027" }, "geometry": { "type": "Polygon", "coordinates": [ [ [ 95.848672921000016, 16.889467192000062 ], [ 95.841501308000034, 16.880143783000022 ], [ 95.837251497000025, 16.870096321000027 ], [ 95.845009590000046, 16.860559181000067 ], [ 95.850670207000078, 16.848208745000036 ], [ 95.865850953000077, 16.82402247200001 ], [ 95.873569976000056, 16.806011419000043 ], [ 95.870836049000076, 16.802034460000058 ], [ 95.871254269000033, 16.791602576000052 ], [ 95.874341876000059, 16.78105324700001 ], [ 95.875885682000074, 16.755837771000092 ], [ 95.880259795000057, 16.746574944 ], [ 95.872686183000027, 16.724939108000058 ], [ 95.868703919000055, 16.71966372700011 ], [ 95.860190336000045, 16.713897746000072 ], [ 95.851442110000079, 16.711582039000049 ], [ 95.842693883000024, 16.713383145000037 ], [ 95.834264462000064, 16.700986795000027 ], [ 95.825197292000084, 16.674268668000035 ], [ 95.823715452000044, 16.657381224000044 ], [ 95.831089596000098, 16.651411677000038 ], [ 95.836356843000075, 16.643686383000066 ], [ 95.825803803999989, 16.631757466000096 ], [ 95.824066602000059, 16.614892102000066 ], [ 95.829333848000033, 16.607166807000095 ], [ 95.830387296000069, 16.59452541600006 ], [ 95.84021948900002, 16.569944934000013 ], [ 95.85005168400005, 16.555547792000013 ], [ 95.855603973000086, 16.557065833000028 ], [ 95.860937325000037, 16.566784585000093 ], [ 95.867258022000058, 16.568891483000069 ], [ 95.875685617000045, 16.568189183000047 ], [ 95.879388908000038, 16.55701564600005 ], [ 95.881478475000094, 16.565084218 ], [ 95.88109397100007, 16.590261049 ], [ 95.895094137000086, 16.594285124000073 ], [ 95.893179178000096, 16.60115255200003 ], [ 95.894216282000016, 16.604611842000082 ], [ 95.897240647000061, 16.603761429000063 ], [ 95.901376272000022, 16.598203517000098 ], [ 95.903191679000045, 16.597909229 ], [ 95.90223792500008, 16.604268151000067 ], [ 95.905237470000017, 16.607499937000036 ], [ 95.913503533000068, 16.610929070000079 ], [ 95.915273345000031, 16.618399458000098 ], [ 95.927280715, 16.615654914000032 ], [ 95.932626483, 16.618501326000089 ], [ 95.934142070000092, 16.62251626800002 ], [ 95.938945017000023, 16.623545472000089 ], [ 95.940317286000067, 16.620800930000023 ], [ 95.945463303000054, 16.619085593000026 ], [ 95.948550912000087, 16.621830134000092 ], [ 95.951981588000081, 16.618742524000062 ], [ 95.961930552000098, 16.615654914000032 ], [ 95.965018159000039, 16.612224238000039 ], [ 95.968791903000081, 16.616341052000049 ], [ 95.975996326000114, 16.617713321000082 ], [ 95.989789755000089, 16.623369536 ], [ 95.989381334000129, 16.631638585000118 ], [ 95.99270012, 16.63208122200006 ], [ 95.992463576000077, 16.636582045000047 ], [ 95.999324930000057, 16.636925111000011 ], [ 96.014762973000117, 16.652706226000035 ], [ 96.018536717000075, 16.652363156999982 ], [ 96.030544088000056, 16.639669652000077 ], [ 96.037062373000083, 16.645844872000048 ], [ 96.059167727000059, 16.660455748000057 ], [ 96.059915222000086, 16.66337367000008 ], [ 96.068025438000021, 16.667948026000023 ], [ 96.070573967000129, 16.664140594000031 ], [ 96.071782616000036, 16.66685855800003 ], [ 96.071039936000048, 16.675724367000043 ], [ 96.066615536000072, 16.68406385600003 ], [ 96.060736017000053, 16.683178437000045 ], [ 96.059774456000071, 16.684745426000024 ], [ 96.058501138000054, 16.698875696000059 ], [ 96.0627696560001, 16.69824857800004 ], [ 96.072275816000072, 16.703545618000092 ], [ 96.078130496000071, 16.701555716000026 ], [ 96.092192817000083, 16.708236416999988 ], [ 96.090931376000071, 16.721068886000111 ], [ 96.083407017000027, 16.722285236000033 ], [ 96.083737856000042, 16.724991986000081 ], [ 96.087675537000067, 16.72609763700008 ], [ 96.088449178000047, 16.730341676000048 ], [ 96.091170417000043, 16.731550468000055 ], [ 96.091491176000034, 16.734917548000027 ], [ 96.094351376000077, 16.737209038000088 ], [ 96.096336777000033, 16.743601556 ], [ 96.09321092600004, 16.748646964000024 ], [ 96.079533631000089, 16.748158947000057 ], [ 96.081590626000022, 16.762991195 ], [ 96.085008477000017, 16.764074377 ], [ 96.085233732000091, 16.76159108900006 ], [ 96.091767808, 16.763115947000106 ], [ 96.09619306200004, 16.767392596000018 ], [ 96.096402193000117, 16.78235046700005 ], [ 96.099397802000084, 16.782506808000019 ], [ 96.100961980000093, 16.784906243000041 ], [ 96.106552157000067, 16.783069528000038 ], [ 96.109952589000045, 16.801835556000032 ], [ 96.107737607, 16.824975904000027 ], [ 96.105241809000091, 16.824998711000049 ], [ 96.098775440000011, 16.829084154000043 ], [ 96.088304237000045, 16.830644374 ], [ 96.070806002000054, 16.837419245000017 ], [ 96.044912457000066, 16.857739913000035 ], [ 96.035722241500082, 16.859410707000077 ], [ 96.031198327500135, 16.858678803 ], [ 96.028089242500116, 16.849523270000088 ], [ 96.025880276500132, 16.845884159000079 ], [ 96.023236877500082, 16.844705714 ], [ 96.005151899000083, 16.854581617000107 ], [ 96.007123830000083, 16.857095412 ], [ 96.007794875000087, 16.858339012000044 ], [ 96.00496857200001, 16.864038308999984 ], [ 95.99707434200009, 16.86905010700006 ], [ 95.99501593500004, 16.868535504000025 ], [ 95.979835189000042, 16.871108514000106 ], [ 95.974174573000113, 16.879342137000041 ], [ 95.963367940000097, 16.881143243000029 ], [ 95.951532107, 16.890406070000029 ], [ 95.946128790000046, 16.889119567000019 ], [ 95.940982774000062, 16.889634167000025 ], [ 95.935836760000072, 16.892464476000089 ], [ 95.926831234000034, 16.892464476000079 ], [ 95.923486324000038, 16.896323987000116 ], [ 95.917825705000013, 16.896066686000054 ], [ 95.913949553500061, 16.899568664000086 ], [ 95.920398714, 16.90481491300002 ], [ 95.921170615, 16.909703626000038 ], [ 95.913708894000095, 16.910732829000018 ], [ 95.90496066800003, 16.913305839000014 ], [ 95.902644961000107, 16.91896645600006 ], [ 95.898270848000024, 16.918709153000066 ], [ 95.89183832900008, 16.913048536000041 ], [ 95.889008022000027, 16.914592342000081 ], [ 95.880002492000074, 16.91510694300009 ], [ 95.88257550200008, 16.903528409000067 ], [ 95.884633909000044, 16.90378571000004 ], [ 95.88797881800005, 16.90790252300005 ], [ 95.891581028000118, 16.906616019000097 ], [ 95.890551825000045, 16.90249920600009 ], [ 95.881803599000079, 16.89658129 ], [ 95.875113779000074, 16.897095890000024 ], [ 95.869967763, 16.89992619900012 ], [ 95.865079049000059, 16.900440800000037 ], [ 95.866491378000035, 16.895577988000031 ], [ 95.864377411000092, 16.896062619000073 ], [ 95.86337854600005, 16.892377777000011 ], [ 95.852214013, 16.895552086000112 ], [ 95.848672921000016, 16.889467192000062 ] ] ] } },
{ "type": "Feature", "properties": { "tship_code": "T37", "township": "Seikgyikanaungto", "district": "South", "hazard": 0.59792062826647885, "exposure": 0.035550151889021102, "vulnerability": 0.72404345717797869, "risk_score": 43.262166876224363, "risk_class": 3, "pop_est": 34003, "elev_mean_m": 4.1472010612487793, "schools": 2, "health_facilities": 2, "pcode": "MMR013031" }, "geometry": { "type": "Polygon", "coordinates": [ [ [ 96.09321092600004, 16.748646964000024 ], [ 96.106038585000121, 16.750066046000022 ], [ 96.120189477000082, 16.756574877000062 ], [ 96.12278374000006, 16.761511631000058 ], [ 96.129821858000099, 16.769175360000087 ], [ 96.119278035000079, 16.773726292000045 ], [ 96.113913405000019, 16.78189424700005 ], [ 96.106552157000067, 16.783069528000038 ], [ 96.100961980000093, 16.784906243000041 ], [ 96.099397802000084, 16.782506808000019 ], [ 96.096402193000117, 16.78235046700005 ], [ 96.09619306200004, 16.767392596000018 ], [ 96.091767808, 16.763115947000106 ], [ 96.085233732000091, 16.76159108900006 ], [ 96.085008477000017, 16.764074377 ], [ 96.081590626000022, 16.762991195 ], [ 96.079533631000089, 16.748158947000057 ], [ 96.09321092600004, 16.748646964000024 ] ] ] } },
{ "type": "Feature", "properties": { "tship_code": "T38", "township": "Dagon", "district": "West", "hazard": 0.25056374787115337, "exposure": 0.065613471234460499, "vulnerability": 0.4594013779652184, "risk_score": 23.804055857182718, "risk_class": 1, "pop_est": 25082, "elev_mean_m": 25.797039031982425, "schools": 14, "health_facilities": 6, "pcode": "MMR013043" }, "geometry": { "type": "Polygon", "coordinates": [ [ [ 96.147936610000031, 16.781490485000038 ], [ 96.153341153000014, 16.781358137000012 ], [ 96.159113094000105, 16.781060861000107 ], [ 96.156514820000055, 16.785921146000081 ], [ 96.15756405000009, 16.787592048000043 ], [ 96.156581696000089, 16.795538553000021 ], [ 96.15323388900002, 16.79647601700005 ], [ 96.15055391600005, 16.795591348000038 ], [ 96.1521002490001, 16.797257730000069 ], [ 96.15112507300006, 16.800893656 ], [ 96.146507145000072, 16.802573621 ], [ 96.14456380300004, 16.801444221000072 ], [ 96.142539018, 16.804626137000088 ], [ 96.13141346900008, 16.796713690000086 ], [ 96.134155867000061, 16.786607951000065 ], [ 96.143216570000035, 16.784314217 ], [ 96.147936610000031, 16.781490485000038 ] ] ] } },
{ "type": "Feature", "properties": { "tship_code": "T39", "township": "Seikkan", "district": "West", "hazard": 0.44836668207937402, "exposure": 0.0155683674777931, "vulnerability": 0.34801897627474948, "risk_score": 27.180034551766465, "risk_class": 1, "pop_est": 2826, "elev_mean_m": 5.1883749961853027, "schools": 1, "health_facilities": 2, "pcode": "MMR013045" }, "geometry": { "type": "Polygon", "coordinates": [ [ [ 96.157991945000063, 16.770669527000081 ], [ 96.153192614000062, 16.771748325 ], [ 96.147572808000049, 16.772214378000093 ], [ 96.139112073000064, 16.775136606000029 ], [ 96.136431308000027, 16.777686667000079 ], [ 96.135612242000036, 16.773718297000094 ], [ 96.165317615, 16.766157934 ], [ 96.171009145000099, 16.765398808000075 ], [ 96.17589287400007, 16.766464579000061 ], [ 96.175580513000071, 16.769265969000035 ], [ 96.164208887000115, 16.769158663000038 ], [ 96.157991945000063, 16.770669527000081 ] ] ] } },
{ "type": "Feature", "properties": { "tship_code": "T40", "township": "South Okkalapa", "district": "East", "hazard": 0.56873638632557721, "exposure": 0.30092022525370538, "vulnerability": 0.53239178287117517, "risk_score": 46.591457908682152, "risk_class": 3, "pop_est": 161126, "elev_mean_m": 6.8333368301391602, "schools": 46, "health_facilities": 39, "pcode": "MMR013011" }, "geometry": { "type": "Polygon", "coordinates": [ [ [ 96.178489819000092, 16.864885083000058 ], [ 96.163976754, 16.852808107 ], [ 96.164419733000059, 16.851838101000038 ], [ 96.174116726000094, 16.833592517000028 ], [ 96.178092143000043, 16.833818097000041 ], [ 96.193635084000078, 16.839449220000024 ], [ 96.200799828000029, 16.84602073500001 ], [ 96.199021448000067, 16.847264871000011 ], [ 96.202512286000058, 16.851047369000071 ], [ 96.198827632000103, 16.855558570000028 ], [ 96.188558148000126, 16.854481765000017 ], [ 96.186441359000042, 16.862115314000036 ], [ 96.180581616000055, 16.863023898000073 ], [ 96.178489819000092, 16.864885083000058 ] ] ] } },
{ "type": "Feature", "properties": { "tship_code": "T41", "township": "Taikkyi", "district": "North", "hazard": 0.17732873847418959, "exposure": 0.16390194977308309, "vulnerability": 0.77181762880740712, "risk_score": 32.12515850121067, "risk_class": 1, "pop_est": 277268, "elev_mean_m": 37.535194396972656, "schools": 5, "health_facilities": 10, "pcode": "MMR013005" }, "geometry": { "type": "Polygon", "coordinates": [ [ [ 96.098445532000071, 17.217930380000034 ], [ 96.101315785000054, 17.227492315000092 ], [ 96.100271372000066, 17.233497685000042 ], [ 96.10270332200011, 17.237019820000054 ], [ 96.104449023000043, 17.2452473220001 ], [ 96.10173950100004, 17.253372400000021 ], [ 96.09844365, 17.256213652 ], [ 96.098965856000049, 17.262741228 ], [ 96.099488063000095, 17.266918876000069 ], [ 96.103665713000069, 17.27083542300003 ], [ 96.099749166000024, 17.276318587000027 ], [ 96.10105468200004, 17.279190721000081 ], [ 96.095607480000083, 17.283660219000051 ], [ 96.098988994000095, 17.285310597 ], [ 96.100805549000114, 17.289567091000023 ], [ 96.103585349000085, 17.291565980000033 ], [ 96.103937439000077, 17.29561202000005 ], [ 96.105493433000035, 17.296945728 ], [ 96.095310415000114, 17.306867645000089 ], [ 96.089043942000046, 17.318356179000038 ], [ 96.086312194000058, 17.319611307000059 ], [ 96.08579815300007, 17.322129295000032 ], [ 96.087170909000065, 17.323873539000022 ], [ 96.086016942000057, 17.324749598000032 ], [ 96.088260632000072, 17.327233683000042 ], [ 96.083038572000092, 17.331933537000065 ], [ 96.083299672000024, 17.335850085000025 ], [ 96.078646859000074, 17.342053838000048 ], [ 96.079106682000017, 17.351408102000065 ], [ 96.081733056000076, 17.357260536000062 ], [ 96.077555406000016, 17.360654874000069 ], [ 96.070309655000102, 17.361180933000075 ], [ 96.068952643000088, 17.366723653000026 ], [ 96.066842423000111, 17.368802328000065 ], [ 96.066728279000074, 17.370439331000064 ], [ 96.070229864000069, 17.371892729000059 ], [ 96.068436622000021, 17.376126994000018 ], [ 96.071019712000052, 17.38020137900007 ], [ 96.072156465000049, 17.385834471000038 ], [ 96.075466583000022, 17.38859290100001 ], [ 96.064653551, 17.402199997000011 ], [ 96.067372388000081, 17.407392323000103 ], [ 96.067925914000043, 17.437093195000063 ], [ 96.066346437, 17.43919199500008 ], [ 96.043089802000082, 17.443685648 ], [ 96.039695464000076, 17.452824253000031 ], [ 96.036562226000086, 17.45047432800002 ], [ 96.031090502000055, 17.455027726 ], [ 96.032250785000045, 17.46050861200008 ], [ 96.029717897000083, 17.463372577 ], [ 96.031930896000048, 17.466653074000082 ], [ 96.032342781000111, 17.472833806000065 ], [ 96.034778022000069, 17.475496704000037 ], [ 96.032345992000018, 17.482231552000037 ], [ 96.03608884000009, 17.484537200000027 ], [ 96.039995076000082, 17.496682595000056 ], [ 96.043317023000043, 17.497976549 ], [ 96.043866857000069, 17.499948759000027 ], [ 96.042088908000039, 17.507873482000068 ], [ 96.036870751000038, 17.507753058000052 ], [ 96.036393222000044, 17.509053840000032 ], [ 96.035379100000071, 17.512696671000082 ], [ 96.037563121000034, 17.519362016000017 ], [ 96.028131512000101, 17.547308703000052 ], [ 96.03559671000005, 17.552495046 ], [ 96.038807866000084, 17.55283524 ], [ 96.042504593000061, 17.557546711 ], [ 96.046830326000034, 17.55872901200004 ], [ 96.049095172000122, 17.564054158000019 ], [ 96.055314157000069, 17.567147911000024 ], [ 96.061236467000072, 17.567056841000039 ], [ 96.073421276000076, 17.563923606000053 ], [ 96.077077974000119, 17.565869837000058 ], [ 96.07551009900007, 17.571582628000048 ], [ 96.079687749000044, 17.573323317000099 ], [ 96.087952417000068, 17.580999436000088 ], [ 96.086125948000102, 17.585718311000086 ], [ 96.087586446000074, 17.594064486 ], [ 96.101576888000082, 17.603741821000018 ], [ 96.109174645000067, 17.603529115000093 ], [ 96.108887774000053, 17.610791604000053 ], [ 96.115676453000063, 17.612619326000111 ], [ 96.118152152000093, 17.61085097100008 ], [ 96.12480765, 17.614460954000076 ], [ 96.125284172000093, 17.621095360000027 ], [ 96.128018405, 17.624490159000072 ], [ 96.124375857000075, 17.631898139000079 ], [ 96.127220642000083, 17.634996641000033 ], [ 96.126096129000032, 17.638550838000032 ], [ 96.128102978000086, 17.641021393000077 ], [ 96.122508651000032, 17.652350508000069 ], [ 96.108235016000037, 17.664535317000073 ], [ 96.10475364100003, 17.674283165000059 ], [ 96.100924130000067, 17.679853365000064 ], [ 96.097094619000117, 17.677068266000017 ], [ 96.080640530000011, 17.705552975000071 ], [ 96.086641041000092, 17.708448083000071 ], [ 96.088563714000017, 17.712533666000073 ], [ 96.09260375100007, 17.713590577000037 ], [ 96.09111960700001, 17.718057630999983 ], [ 96.096379884000044, 17.718507577 ], [ 96.095170923000111, 17.724405191000091 ], [ 96.097055538000077, 17.728288354000043 ], [ 96.098487168000048, 17.741473685000052 ], [ 96.091176283, 17.77036909200007 ], [ 96.081937914000065, 17.78232340600001 ], [ 96.08399594800008, 17.791474921000038 ], [ 96.079818301000017, 17.785991757000041 ], [ 96.071985209, 17.783641829000029 ], [ 96.061802188000073, 17.788863892000094 ], [ 96.056319025000079, 17.796958085000036 ], [ 96.052625700000107, 17.796060637000032 ], [ 96.051580242000028, 17.794942829 ], [ 96.053396247000094, 17.790414790000074 ], [ 96.051900896000092, 17.788347249000068 ], [ 96.042299012000015, 17.787713923000069 ], [ 96.037610951, 17.784048140000074 ], [ 96.035253160000039, 17.78408243700007 ], [ 96.033163098000031, 17.781774192000043 ], [ 96.034409508000053, 17.77915529800007 ], [ 96.029425410000044, 17.776592046000083 ], [ 96.016267848000027, 17.761777618000018 ], [ 96.015394139000122, 17.757680938000075 ], [ 96.013513605000043, 17.75661280100007 ], [ 96.017091440000044, 17.753434930000033 ], [ 96.013387735000023, 17.748331075000067 ], [ 96.013700312000125, 17.746271176000072 ], [ 96.010343435000024, 17.744794890000048 ], [ 96.009477690000068, 17.740575500999988 ], [ 96.00753596300008, 17.738553835000047 ], [ 96.010000141000035, 17.733419330000032 ], [ 96.004846630000046, 17.730657612000055 ], [ 96.005969750000077, 17.727733641000064 ], [ 95.996004217000106, 17.723588126999989 ], [ 95.997035972000035, 17.72124683600007 ], [ 95.99192978800005, 17.717405327000012 ], [ 95.989969348000017, 17.708627652000096 ], [ 95.986032207000051, 17.708665916000065 ], [ 95.983739619000076, 17.713049025 ], [ 95.978891087000093, 17.714699744000061 ], [ 95.975366197000113, 17.719203770000046 ], [ 95.97419123300007, 17.716853844000035 ], [ 95.979086916000128, 17.694333704000019 ], [ 95.976736988000113, 17.686304786000061 ], [ 95.965770661000121, 17.680038312 ], [ 95.964129187000111, 17.675231142000069 ], [ 95.961309108000094, 17.674947410000041 ], [ 95.960206627, 17.671075601000052 ], [ 95.961443012000075, 17.668642047000048 ], [ 95.960043474, 17.665474648999989 ], [ 95.947754548, 17.666917883000032 ], [ 95.945992103000023, 17.665351264 ], [ 95.945600448000036, 17.658301481000048 ], [ 95.941879730000025, 17.654580763000038 ], [ 95.940646658000048, 17.63855806 ], [ 95.921896389000025, 17.63230736400001 ], [ 95.906271068000095, 17.632697770000071 ], [ 95.901343479000062, 17.619331850000041 ], [ 95.899385206000034, 17.617765234 ], [ 95.899385206000034, 17.613652860000094 ], [ 95.896251971000055, 17.60660307800006 ], [ 95.898601896000059, 17.594265958000065 ], [ 95.897231106000064, 17.588978620000017 ], [ 95.895185485000098, 17.587450043000018 ], [ 95.896447797000093, 17.581537183 ], [ 95.895664487000033, 17.577620638000035 ], [ 95.892335423000091, 17.573704090999986 ], [ 95.879802477000055, 17.575270710000023 ], [ 95.87521528000012, 17.571942947000018 ], [ 95.872752695000031, 17.572920781000011 ], [ 95.870402766000012, 17.576445674000073 ], [ 95.867269531000034, 17.576445674000073 ], [ 95.866605450000066, 17.574350021000051 ], [ 95.859436439000021, 17.574683229000087 ], [ 95.854978562000028, 17.570951199000028 ], [ 95.850687829000023, 17.569828860000069 ], [ 95.847686802000055, 17.570766682000038 ], [ 95.843648432000052, 17.563307336000044 ], [ 95.832608099000055, 17.561954454000016 ], [ 95.832366831000073, 17.559602074000068 ], [ 95.829427462000055, 17.559492197000036 ], [ 95.829683116000069, 17.55667299100001 ], [ 95.824075712000095, 17.551866424000039 ], [ 95.823042011000013, 17.548872038000084 ], [ 95.814947037000096, 17.544175884000012 ], [ 95.814004506000089, 17.538846833000065 ], [ 95.814983644, 17.532188705000106 ], [ 95.809129489000057, 17.530649108 ], [ 95.806243530000103, 17.528174541000062 ], [ 95.806171414000076, 17.517893311 ], [ 95.800296595000091, 17.51241014800009 ], [ 95.794562704000043, 17.51172754100001 ], [ 95.794229212000076, 17.509679665000032 ], [ 95.787611411000086, 17.507449802000096 ], [ 95.787176166000037, 17.503793746000017 ], [ 95.778283741000038, 17.50175863900003 ], [ 95.782813484000116, 17.489847365000099 ], [ 95.782514909000014, 17.484174472000035 ], [ 95.785202071000043, 17.471932967000047 ], [ 95.783709203000058, 17.463871487000059 ], [ 95.774055739000076, 17.47500713500003 ], [ 95.770273404000108, 17.467454365000034 ], [ 95.764656028000019, 17.465411598000035 ], [ 95.754864662000074, 17.470111452000058 ], [ 95.750751775000126, 17.468055009000082 ], [ 95.748259001000108, 17.468492369000032 ], [ 95.741548407000067, 17.476769580000017 ], [ 95.736137998000061, 17.477992338000025 ], [ 95.736394912, 17.47584692600006 ], [ 95.723457776, 17.46198078100003 ], [ 95.706270120000042, 17.450651661000038 ], [ 95.689863686000066, 17.442057102 ], [ 95.6902548770001, 17.408461186000078 ], [ 95.685176765000037, 17.401429401000023 ], [ 95.674629790000012, 17.394788186000042 ], [ 95.626191445000117, 17.387365094000117 ], [ 95.619941429000079, 17.380723944000053 ], [ 95.618379033000039, 17.372520264000023 ], [ 95.619160480000033, 17.360410125000069 ], [ 95.617988743000083, 17.348299964000024 ], [ 95.638135921000043, 17.347139284 ], [ 95.639426397000051, 17.345073038000102 ], [ 95.643390096000104, 17.344438847000031 ], [ 95.652501760000021, 17.35117355600002 ], [ 95.658765628000054, 17.362588558000013 ], [ 95.661588498000114, 17.362600087 ], [ 95.666791449000101, 17.356748412000055 ], [ 95.672922061000023, 17.353158951000069 ], [ 95.673875203000108, 17.350904366000041 ], [ 95.686593759000047, 17.346891133000074 ], [ 95.690408127000083, 17.335611266000072 ], [ 95.697439801000129, 17.331926963000054 ], [ 95.699853714000099, 17.311635707000072 ], [ 95.708327379000082, 17.298691201000093 ], [ 95.708900409000066, 17.281786808000032 ], [ 95.70689480300004, 17.277775596000055 ], [ 95.70309642000008, 17.275053030000031 ], [ 95.701913466000079, 17.271444326000051 ], [ 95.705462225000076, 17.257719533000081 ], [ 95.701520777000013, 17.255949007000048 ], [ 95.69973565, 17.252988557000059 ], [ 95.697726316000029, 17.244539834 ], [ 95.700304952000039, 17.238809531000076 ], [ 95.694314603000095, 17.240625080000015 ], [ 95.695299106000022, 17.23657393300002 ], [ 95.694566359000049, 17.235547943000039 ], [ 95.691018796000066, 17.236680993000085 ], [ 95.690276922000052, 17.231646653 ], [ 95.701164498000111, 17.213309681000077 ], [ 95.707467833000109, 17.211017560000052 ], [ 95.707467833000109, 17.20614680200001 ], [ 95.709759955000052, 17.202422105000025 ], [ 95.723799196000101, 17.204141196000066 ], [ 95.732164347000079, 17.201425236000055 ], [ 95.732423685000043, 17.203862918000045 ], [ 95.734624933000092, 17.202939797000049 ], [ 95.735832835000025, 17.206719833 ], [ 95.737838441000065, 17.206433317000091 ], [ 95.739557532000021, 17.202995136 ], [ 95.747293441000068, 17.200703012000073 ], [ 95.749012532000023, 17.196691800000096 ], [ 95.756461925000082, 17.195545739000039 ], [ 95.765916928000081, 17.188382861000061 ], [ 95.765916928000081, 17.185517709000052 ], [ 95.762269723000017, 17.183874015000033 ], [ 95.760418846000093, 17.181287959000024 ], [ 95.765916928000081, 17.176635740000034 ], [ 95.769068594, 17.175489677000066 ], [ 95.775944957000064, 17.176349225000042 ], [ 95.783908559000039, 17.170531930000021 ], [ 95.794948140000059, 17.186182719 ], [ 95.79729182700008, 17.192823814000043 ], [ 95.80237001100005, 17.195558441000024 ], [ 95.805494767000056, 17.214309711000041 ], [ 95.812916806000061, 17.213528522000065 ], [ 95.822682562000111, 17.217435173000094 ], [ 95.833620286000055, 17.217435340000108 ], [ 95.840651573000059, 17.223685853000109 ], [ 95.841042041000037, 17.23384277200012 ], [ 95.873712459000032, 17.244519759000024 ], [ 95.890488942000076, 17.241109567000045 ], [ 95.897001489000075, 17.235803734000058 ], [ 95.903371331000073, 17.234463866000041 ], [ 95.904180536000055, 17.232526311000051 ], [ 95.909888299000073, 17.235943187000057 ], [ 95.922641426000027, 17.232617056 ], [ 95.928638656000018, 17.238547802 ], [ 95.947909950000067, 17.234381158000044 ], [ 95.970354886000081, 17.245384820000019 ], [ 95.972698512000107, 17.255639431000102 ], [ 95.975335225000038, 17.259155325000041 ], [ 95.985579948000108, 17.261200349000049 ], [ 95.983245265000022, 17.275855753000013 ], [ 95.987639842000107, 17.278492711000059 ], [ 95.99642907900008, 17.278785834000065 ], [ 96.004632464000096, 17.273219190000088 ], [ 96.021918293000098, 17.253882257000019 ], [ 96.0468213380001, 17.242163126 ], [ 96.058540523000033, 17.230443791000049 ], [ 96.056196985000014, 17.214622411000068 ], [ 96.064400284000016, 17.214329549000084 ], [ 96.074361361000058, 17.218138544000027 ], [ 96.080513884000098, 17.214915770000093 ], [ 96.087838200000121, 17.218138749000044 ], [ 96.098445532000071, 17.217930380000034 ] ] ] } },
{ "type": "Feature", "properties": { "tship_code": "T42", "township": "Hlaing", "district": "West", "hazard": 0.41070546708503269, "exposure": 0.29762216878979442, "vulnerability": 0.46998458351348682, "risk_score": 38.594609178881285, "risk_class": 2, "pop_est": 160307, "elev_mean_m": 10.75696849822998, "schools": 46, "health_facilities": 48, "pcode": "MMR013040" }, "geometry": { "type": "Polygon", "coordinates": [ [ [ 96.099121981000081, 16.854459836000068 ], [ 96.101011033000063, 16.850698618 ], [ 96.110426137000061, 16.835321604000097 ], [ 96.112679972000109, 16.831551113000053 ], [ 96.114276965000087, 16.832243750000075 ], [ 96.114862783000063, 16.831131399000054 ], [ 96.122156005000079, 16.832108733 ], [ 96.129227727000057, 16.835775167000055 ], [ 96.134105307000041, 16.836419832000015 ], [ 96.135686863000075, 16.84127560300006 ], [ 96.138585638000023, 16.842509892000045 ], [ 96.136699580000112, 16.843870546000094 ], [ 96.138623060000015, 16.844075738000107 ], [ 96.138348237000102, 16.847580837000041 ], [ 96.141302966000055, 16.850008942000038 ], [ 96.140794067000058, 16.853375697000072 ], [ 96.136335612000025, 16.853807242000073 ], [ 96.134783963000061, 16.860028724000053 ], [ 96.126745190000094, 16.863154914000077 ], [ 96.121609304000046, 16.862931615999987 ], [ 96.121782562000092, 16.859834566000064 ], [ 96.119985648000096, 16.85921691900003 ], [ 96.112988860000087, 16.859548704000037 ], [ 96.106305877000025, 16.855660471000022 ], [ 96.10527558400004, 16.857487929000058 ], [ 96.099121981000081, 16.854459836000068 ] ] ] } },
{ "type": "Feature", "properties": { "tship_code": "T43", "township": "Dala", "district": "South", "hazard": 0.6499408398043407, "exposure": 0.1317607482329147, "vulnerability": 0.6985940149982186, "risk_score": 48.074110155281112, "risk_class": 4, "pop_est": 172857, "elev_mean_m": 3.5776693820953369, "schools": 21, "health_facilities": 7, "pcode": "MMR013030" }, "geometry": { "type": "Polygon", "coordinates": [ [ [ 96.233319256000058, 16.608690708000061 ], [ 96.236070828000081, 16.618056756000076 ], [ 96.244056672000028, 16.632643625000053 ], [ 96.244819613000089, 16.643111155999989 ], [ 96.243045058000078, 16.652006781000072 ], [ 96.239886917000078, 16.655559690000054 ], [ 96.227254350000067, 16.659902134000081 ], [ 96.220298737000093, 16.665495710000066 ], [ 96.210410927000069, 16.675298074000032 ], [ 96.206886352000126, 16.68137629600006 ], [ 96.202343045000092, 16.704089002000021 ], [ 96.190893231000061, 16.736361341000116 ], [ 96.190872253000094, 16.748091537000075 ], [ 96.169067443000117, 16.758360701000029 ], [ 96.136845522000016, 16.768754040000044 ], [ 96.132996537000054, 16.768902078000036 ], [ 96.126408852000068, 16.76113009000002 ], [ 96.120189477000082, 16.756574877000062 ], [ 96.106038585000121, 16.750066046000022 ], [ 96.09321092600004, 16.748646964000024 ], [ 96.096336777000033, 16.743601556 ], [ 96.094351376000077, 16.737209038000088 ], [ 96.091491176000034, 16.734917548000027 ], [ 96.091170417000043, 16.731550468000055 ], [ 96.088449178000047, 16.730341676000048 ], [ 96.087675537000067, 16.72609763700008 ], [ 96.083737856000042, 16.724991986000081 ], [ 96.083407017000027, 16.722285236000033 ], [ 96.090931376000071, 16.721068886000111 ], [ 96.092192817000083, 16.708236416999988 ], [ 96.078130496000071, 16.701555716000026 ], [ 96.072275816000072, 16.703545618000092 ], [ 96.0627696560001, 16.69824857800004 ], [ 96.058501138000054, 16.698875696000059 ], [ 96.059774456000071, 16.684745426000024 ], [ 96.060736017000053, 16.683178437000045 ], [ 96.066615536000072, 16.68406385600003 ], [ 96.071039936000048, 16.675724367000043 ], [ 96.071782616000036, 16.66685855800003 ], [ 96.070573967000129, 16.664140594000031 ], [ 96.068318383000104, 16.659830126000074 ], [ 96.065614661000041, 16.660889100000119 ], [ 96.064061589000062, 16.656633482000082 ], [ 96.076858226000056, 16.645158737000031 ], [ 96.085777984000089, 16.643443397000034 ], [ 96.090237866000066, 16.648246344000061 ], [ 96.094011610000024, 16.649961685000058 ], [ 96.09709921700005, 16.654764632 ], [ 96.101559099000028, 16.656136902000028 ], [ 96.108077384000055, 16.657166105 ], [ 96.111164994, 16.653735429000015 ], [ 96.109593735000018, 16.649407853000064 ], [ 96.110198199000109, 16.642815186000103 ], [ 96.104989775000021, 16.64207112700009 ], [ 96.102602135, 16.637644002000073 ], [ 96.101480361000085, 16.633248711000025 ], [ 96.102842483000074, 16.629731205000041 ], [ 96.100794257000075, 16.626401396000045 ], [ 96.103960571000044, 16.624574675000069 ], [ 96.103925021000038, 16.620073429000048 ], [ 96.107869301000065, 16.614645292999985 ], [ 96.115967942000026, 16.610508901000042 ], [ 96.116654076000032, 16.608107425000028 ], [ 96.124887700000059, 16.608107425000028 ], [ 96.126259972000085, 16.605019818000088 ], [ 96.130719850000062, 16.608107425000028 ], [ 96.13517973200004, 16.606735156000084 ], [ 96.141354949000103, 16.610851967 ], [ 96.144785627, 16.611881170000075 ], [ 96.146999211, 16.610716127000046 ], [ 96.148409102000045, 16.617776563000074 ], [ 96.154734589000014, 16.616684117000013 ], [ 96.161252874000041, 16.617713321000082 ], [ 96.168275446000052, 16.614666988000092 ], [ 96.167447982000056, 16.612813954000071 ], [ 96.170640384000052, 16.60953739900004 ], [ 96.172543566000058, 16.595537408000038 ], [ 96.175584978000074, 16.594114596000086 ], [ 96.184238409000017, 16.595756989000087 ], [ 96.196248985000082, 16.591974268000097 ], [ 96.198304186000044, 16.604333681000071 ], [ 96.204479403000022, 16.607764360000065 ], [ 96.213121981000128, 16.604228161000044 ], [ 96.233319256000058, 16.608690708000061 ] ] ] } },
{ "type": "Feature", "properties": { "tship_code": "T44", "township": "Hlaingtharya", "district": "North", "hazard": 0.50936857887973785, "exposure": 0.57137147283532586, "vulnerability": 0.48459185381922237, "risk_score": 52.487541049906483, "risk_class": 5, "pop_est": 687867, "elev_mean_m": 4.400853157043457, "schools": 103, "health_facilities": 22, "pcode": "MMR013008" }, "geometry": { "type": "Polygon", "coordinates": [ [ [ 96.073629648000093, 16.927468610000073 ], [ 96.064630763000096, 16.936771458000138 ], [ 96.041330071000061, 16.924884372000065 ], [ 96.045922514000068, 16.919236849000036 ], [ 96.046700878000124, 16.915978862000031 ], [ 96.041684535000073, 16.90859042500006 ], [ 96.034125651000096, 16.914849643000036 ], [ 96.027642933, 16.914232168000105 ], [ 96.0215179140001, 16.92128216200005 ], [ 96.010968582000046, 16.928743882000095 ], [ 96.004793365000083, 16.928486582000122 ], [ 96.000161949000031, 16.925141672000031 ], [ 95.996559739000062, 16.919223756000108 ], [ 95.995787838000069, 16.912791236000093 ], [ 96.000676552000073, 16.911247432000057 ], [ 96.009240623608576, 16.91159029230311 ], [ 96.013230985342972, 16.910523586815501 ], [ 96.013400131918587, 16.907207162849126 ], [ 96.012512388000076, 16.906101416000066 ], [ 96.006929515769841, 16.902758719554846 ], [ 96.003727905259751, 16.902783507730113 ], [ 95.998951671443905, 16.894113079823956 ], [ 95.999018112746839, 16.89040930376752 ], [ 95.994245520271576, 16.87634156411481 ], [ 95.996105780459175, 16.868807968871433 ], [ 95.99707434200009, 16.86905010700006 ], [ 96.00496857200001, 16.864038308999984 ], [ 96.007794875000087, 16.858339012000044 ], [ 96.007123830000083, 16.857095412 ], [ 96.005151899000083, 16.854581617000107 ], [ 96.023236877500082, 16.844705714 ], [ 96.025880276500132, 16.845884159000079 ], [ 96.028089242500116, 16.849523270000088 ], [ 96.031198327500135, 16.858678803 ], [ 96.035722241500082, 16.859410707000077 ], [ 96.044912457000066, 16.857739913000035 ], [ 96.070806002000054, 16.837419245000017 ], [ 96.088304237000045, 16.830644374 ], [ 96.098775440000011, 16.829084154000043 ], [ 96.105241809000091, 16.824998711000049 ], [ 96.107737607, 16.824975904000027 ], [ 96.11143501800008, 16.82382852800005 ], [ 96.114326557000098, 16.824427435000047 ], [ 96.110426137000061, 16.835321604000097 ], [ 96.101011033000063, 16.850698618 ], [ 96.099121981000081, 16.854459836000068 ], [ 96.09461342200008, 16.863864590000087 ], [ 96.087723823000061, 16.879357994000038 ], [ 96.085565186000068, 16.886971613000078 ], [ 96.085970004000089, 16.899560062 ], [ 96.084191638000021, 16.906923482000046 ], [ 96.073629648000093, 16.927468610000073 ] ] ] } },
{ "type": "Feature", "properties": { "tship_code": "T45", "township": "Dagon Myothit (Seikkan)", "district": "East", "hazard": 0.64744685868342788, "exposure": 0.15388822821644429, "vulnerability": 0.58380900218781684, "risk_score": 45.879187389608092, "risk_class": 3, "pop_est": 167448, "elev_mean_m": 4.1979804039001465, "schools": 15, "health_facilities": 24, "pcode": "MMR013021" }, "geometry": { "type": "Polygon", "coordinates": [ [ [ 96.335474293000047, 16.953536401000079 ], [ 96.315259406000081, 16.940627359000104 ], [ 96.310793419000049, 16.929313529000044 ], [ 96.302456914000047, 16.928718064000069 ], [ 96.294715870000104, 16.924549810000066 ], [ 96.290249886000069, 16.914724643000078 ], [ 96.298288659000036, 16.896562969000083 ], [ 96.28231375600005, 16.889372688000059 ], [ 96.276639054000015, 16.885587360000031 ], [ 96.276681905000018, 16.883973703 ], [ 96.274095493000061, 16.883809714000051 ], [ 96.255521220000034, 16.861680177 ], [ 96.256127438000107, 16.85738489900006 ], [ 96.248738356000061, 16.849203131000067 ], [ 96.247136523000037, 16.848981398000017 ], [ 96.236802657000055, 16.815100026000017 ], [ 96.234029371000105, 16.811427110000054 ], [ 96.234868439000081, 16.810388414999977 ], [ 96.235261386, 16.809048861000178 ], [ 96.236272589000123, 16.808542390000071 ], [ 96.237330007645483, 16.802632988886273 ], [ 96.247497640000176, 16.807902164000097 ], [ 96.267501825000238, 16.81040079200011 ], [ 96.273300165000194, 16.818800756000201 ], [ 96.282501215000138, 16.8271015360001 ], [ 96.300796503000072, 16.832503149000161 ], [ 96.302497857000162, 16.837900944000125 ], [ 96.30000304400005, 16.85670358800013 ], [ 96.303703302000145, 16.878302403000134 ], [ 96.314201349000029, 16.88790018100002 ], [ 96.327499384000134, 16.893702335000114 ], [ 96.337898247000169, 16.906702825000025 ], [ 96.342516775000021, 16.907377789000066 ], [ 96.347143340000102, 16.915200704000032 ], [ 96.349252395000079, 16.917722711000071 ], [ 96.35475746500002, 16.923086115000018 ], [ 96.365354297000096, 16.929520995000068 ], [ 96.366330975000082, 16.930211572000097 ], [ 96.367379608000064, 16.931959339000024 ], [ 96.368329698000068, 16.936559466000055 ], [ 96.367559079000088, 16.941297581000047 ], [ 96.362186634000096, 16.952409108000065 ], [ 96.355585252000125, 16.950856761000054 ], [ 96.35498562800008, 16.952081710000066 ], [ 96.353208624000033, 16.950853425000044 ], [ 96.352468544, 16.952100244000089 ], [ 96.351934061000094, 16.950044423000076 ], [ 96.346624400000067, 16.951455662000047 ], [ 96.343118183000044, 16.949743182000109 ], [ 96.335474293000047, 16.953536401000079 ] ] ] } }
]
}
